[
  {
    "fields": {
      "date_created": "2015-05-22T02:06:13.601Z",
      "size_x": 10,
      "name": "Default",
      "created_by": 1,
      "size_y": 10
    },
    "model": "arenas.arena",
    "pk": 8
  },
  {
    "fields": {
      "arena": 8,
      "position_x": 0,
      "position_y": 0
    },
    "model": "arenas.territory",
    "pk": 1101
  },
  {
    "fields": {
      "arena": 8,
      "position_x": 0,
      "position_y": 1
    },
    "model": "arenas.territory",
    "pk": 1102
  },
  {
    "fields": {
      "arena": 8,
      "position_x": 0,
      "position_y": 2
    },
    "model": "arenas.territory",
    "pk": 1103
  },
  {
    "fields": {
      "arena": 8,
      "position_x": 0,
      "position_y": 3
    },
    "model": "arenas.territory",
    "pk": 1104
  },
  {
    "fields": {
      "arena": 8,
      "position_x": 0,
      "position_y": 4
    },
    "model": "arenas.territory",
    "pk": 1105
  },
  {
    "fields": {
      "arena": 8,
      "position_x": 0,
      "position_y": 5
    },
    "model": "arenas.territory",
    "pk": 1106
  },
  {
    "fields": {
      "arena": 8,
      "position_x": 0,
      "position_y": 6
    },
    "model": "arenas.territory",
    "pk": 1107
  },
  {
    "fields": {
      "arena": 8,
      "position_x": 0,
      "position_y": 7
    },
    "model": "arenas.territory",
    "pk": 1108
  },
  {
    "fields": {
      "arena": 8,
      "position_x": 0,
      "position_y": 8
    },
    "model": "arenas.territory",
    "pk": 1109
  },
  {
    "fields": {
      "arena": 8,
      "position_x": 0,
      "position_y": 9
    },
    "model": "arenas.territory",
    "pk": 1110
  },
  {
    "fields": {
      "arena": 8,
      "position_x": 1,
      "position_y": 0
    },
    "model": "arenas.territory",
    "pk": 1111
  },
  {
    "fields": {
      "arena": 8,
      "position_x": 1,
      "position_y": 1
    },
    "model": "arenas.territory",
    "pk": 1112
  },
  {
    "fields": {
      "arena": 8,
      "position_x": 1,
      "position_y": 2
    },
    "model": "arenas.territory",
    "pk": 1113
  },
  {
    "fields": {
      "arena": 8,
      "position_x": 1,
      "position_y": 3
    },
    "model": "arenas.territory",
    "pk": 1114
  },
  {
    "fields": {
      "arena": 8,
      "position_x": 1,
      "position_y": 4
    },
    "model": "arenas.territory",
    "pk": 1115
  },
  {
    "fields": {
      "arena": 8,
      "position_x": 1,
      "position_y": 5
    },
    "model": "arenas.territory",
    "pk": 1116
  },
  {
    "fields": {
      "arena": 8,
      "position_x": 1,
      "position_y": 6
    },
    "model": "arenas.territory",
    "pk": 1117
  },
  {
    "fields": {
      "arena": 8,
      "position_x": 1,
      "position_y": 7
    },
    "model": "arenas.territory",
    "pk": 1118
  },
  {
    "fields": {
      "arena": 8,
      "position_x": 1,
      "position_y": 8
    },
    "model": "arenas.territory",
    "pk": 1119
  },
  {
    "fields": {
      "arena": 8,
      "position_x": 1,
      "position_y": 9
    },
    "model": "arenas.territory",
    "pk": 1120
  },
  {
    "fields": {
      "arena": 8,
      "position_x": 2,
      "position_y": 0
    },
    "model": "arenas.territory",
    "pk": 1121
  },
  {
    "fields": {
      "arena": 8,
      "position_x": 2,
      "position_y": 1
    },
    "model": "arenas.territory",
    "pk": 1122
  },
  {
    "fields": {
      "arena": 8,
      "position_x": 2,
      "position_y": 2
    },
    "model": "arenas.territory",
    "pk": 1123
  },
  {
    "fields": {
      "arena": 8,
      "position_x": 2,
      "position_y": 3
    },
    "model": "arenas.territory",
    "pk": 1124
  },
  {
    "fields": {
      "arena": 8,
      "position_x": 2,
      "position_y": 4
    },
    "model": "arenas.territory",
    "pk": 1125
  },
  {
    "fields": {
      "arena": 8,
      "position_x": 2,
      "position_y": 5
    },
    "model": "arenas.territory",
    "pk": 1126
  },
  {
    "fields": {
      "arena": 8,
      "position_x": 2,
      "position_y": 6
    },
    "model": "arenas.territory",
    "pk": 1127
  },
  {
    "fields": {
      "arena": 8,
      "position_x": 2,
      "position_y": 7
    },
    "model": "arenas.territory",
    "pk": 1128
  },
  {
    "fields": {
      "arena": 8,
      "position_x": 2,
      "position_y": 8
    },
    "model": "arenas.territory",
    "pk": 1129
  },
  {
    "fields": {
      "arena": 8,
      "position_x": 2,
      "position_y": 9
    },
    "model": "arenas.territory",
    "pk": 1130
  },
  {
    "fields": {
      "arena": 8,
      "position_x": 3,
      "position_y": 0
    },
    "model": "arenas.territory",
    "pk": 1131
  },
  {
    "fields": {
      "arena": 8,
      "position_x": 3,
      "position_y": 1
    },
    "model": "arenas.territory",
    "pk": 1132
  },
  {
    "fields": {
      "arena": 8,
      "position_x": 3,
      "position_y": 2
    },
    "model": "arenas.territory",
    "pk": 1133
  },
  {
    "fields": {
      "arena": 8,
      "position_x": 3,
      "position_y": 3
    },
    "model": "arenas.territory",
    "pk": 1134
  },
  {
    "fields": {
      "arena": 8,
      "position_x": 3,
      "position_y": 4
    },
    "model": "arenas.territory",
    "pk": 1135
  },
  {
    "fields": {
      "arena": 8,
      "position_x": 3,
      "position_y": 5
    },
    "model": "arenas.territory",
    "pk": 1136
  },
  {
    "fields": {
      "arena": 8,
      "position_x": 3,
      "position_y": 6
    },
    "model": "arenas.territory",
    "pk": 1137
  },
  {
    "fields": {
      "arena": 8,
      "position_x": 3,
      "position_y": 7
    },
    "model": "arenas.territory",
    "pk": 1138
  },
  {
    "fields": {
      "arena": 8,
      "position_x": 3,
      "position_y": 8
    },
    "model": "arenas.territory",
    "pk": 1139
  },
  {
    "fields": {
      "arena": 8,
      "position_x": 3,
      "position_y": 9
    },
    "model": "arenas.territory",
    "pk": 1140
  },
  {
    "fields": {
      "arena": 8,
      "position_x": 4,
      "position_y": 0
    },
    "model": "arenas.territory",
    "pk": 1141
  },
  {
    "fields": {
      "arena": 8,
      "position_x": 4,
      "position_y": 1
    },
    "model": "arenas.territory",
    "pk": 1142
  },
  {
    "fields": {
      "arena": 8,
      "position_x": 4,
      "position_y": 2
    },
    "model": "arenas.territory",
    "pk": 1143
  },
  {
    "fields": {
      "arena": 8,
      "position_x": 4,
      "position_y": 3
    },
    "model": "arenas.territory",
    "pk": 1144
  },
  {
    "fields": {
      "arena": 8,
      "position_x": 4,
      "position_y": 4
    },
    "model": "arenas.territory",
    "pk": 1145
  },
  {
    "fields": {
      "arena": 8,
      "position_x": 4,
      "position_y": 5
    },
    "model": "arenas.territory",
    "pk": 1146
  },
  {
    "fields": {
      "arena": 8,
      "position_x": 4,
      "position_y": 6
    },
    "model": "arenas.territory",
    "pk": 1147
  },
  {
    "fields": {
      "arena": 8,
      "position_x": 4,
      "position_y": 7
    },
    "model": "arenas.territory",
    "pk": 1148
  },
  {
    "fields": {
      "arena": 8,
      "position_x": 4,
      "position_y": 8
    },
    "model": "arenas.territory",
    "pk": 1149
  },
  {
    "fields": {
      "arena": 8,
      "position_x": 4,
      "position_y": 9
    },
    "model": "arenas.territory",
    "pk": 1150
  },
  {
    "fields": {
      "arena": 8,
      "position_x": 5,
      "position_y": 0
    },
    "model": "arenas.territory",
    "pk": 1151
  },
  {
    "fields": {
      "arena": 8,
      "position_x": 5,
      "position_y": 1
    },
    "model": "arenas.territory",
    "pk": 1152
  },
  {
    "fields": {
      "arena": 8,
      "position_x": 5,
      "position_y": 2
    },
    "model": "arenas.territory",
    "pk": 1153
  },
  {
    "fields": {
      "arena": 8,
      "position_x": 5,
      "position_y": 3
    },
    "model": "arenas.territory",
    "pk": 1154
  },
  {
    "fields": {
      "arena": 8,
      "position_x": 5,
      "position_y": 4
    },
    "model": "arenas.territory",
    "pk": 1155
  },
  {
    "fields": {
      "arena": 8,
      "position_x": 5,
      "position_y": 5
    },
    "model": "arenas.territory",
    "pk": 1156
  },
  {
    "fields": {
      "arena": 8,
      "position_x": 5,
      "position_y": 6
    },
    "model": "arenas.territory",
    "pk": 1157
  },
  {
    "fields": {
      "arena": 8,
      "position_x": 5,
      "position_y": 7
    },
    "model": "arenas.territory",
    "pk": 1158
  },
  {
    "fields": {
      "arena": 8,
      "position_x": 5,
      "position_y": 8
    },
    "model": "arenas.territory",
    "pk": 1159
  },
  {
    "fields": {
      "arena": 8,
      "position_x": 5,
      "position_y": 9
    },
    "model": "arenas.territory",
    "pk": 1160
  },
  {
    "fields": {
      "arena": 8,
      "position_x": 6,
      "position_y": 0
    },
    "model": "arenas.territory",
    "pk": 1161
  },
  {
    "fields": {
      "arena": 8,
      "position_x": 6,
      "position_y": 1
    },
    "model": "arenas.territory",
    "pk": 1162
  },
  {
    "fields": {
      "arena": 8,
      "position_x": 6,
      "position_y": 2
    },
    "model": "arenas.territory",
    "pk": 1163
  },
  {
    "fields": {
      "arena": 8,
      "position_x": 6,
      "position_y": 3
    },
    "model": "arenas.territory",
    "pk": 1164
  },
  {
    "fields": {
      "arena": 8,
      "position_x": 6,
      "position_y": 4
    },
    "model": "arenas.territory",
    "pk": 1165
  },
  {
    "fields": {
      "arena": 8,
      "position_x": 6,
      "position_y": 5
    },
    "model": "arenas.territory",
    "pk": 1166
  },
  {
    "fields": {
      "arena": 8,
      "position_x": 6,
      "position_y": 6
    },
    "model": "arenas.territory",
    "pk": 1167
  },
  {
    "fields": {
      "arena": 8,
      "position_x": 6,
      "position_y": 7
    },
    "model": "arenas.territory",
    "pk": 1168
  },
  {
    "fields": {
      "arena": 8,
      "position_x": 6,
      "position_y": 8
    },
    "model": "arenas.territory",
    "pk": 1169
  },
  {
    "fields": {
      "arena": 8,
      "position_x": 6,
      "position_y": 9
    },
    "model": "arenas.territory",
    "pk": 1170
  },
  {
    "fields": {
      "arena": 8,
      "position_x": 7,
      "position_y": 0
    },
    "model": "arenas.territory",
    "pk": 1171
  },
  {
    "fields": {
      "arena": 8,
      "position_x": 7,
      "position_y": 1
    },
    "model": "arenas.territory",
    "pk": 1172
  },
  {
    "fields": {
      "arena": 8,
      "position_x": 7,
      "position_y": 2
    },
    "model": "arenas.territory",
    "pk": 1173
  },
  {
    "fields": {
      "arena": 8,
      "position_x": 7,
      "position_y": 3
    },
    "model": "arenas.territory",
    "pk": 1174
  },
  {
    "fields": {
      "arena": 8,
      "position_x": 7,
      "position_y": 4
    },
    "model": "arenas.territory",
    "pk": 1175
  },
  {
    "fields": {
      "arena": 8,
      "position_x": 7,
      "position_y": 5
    },
    "model": "arenas.territory",
    "pk": 1176
  },
  {
    "fields": {
      "arena": 8,
      "position_x": 7,
      "position_y": 6
    },
    "model": "arenas.territory",
    "pk": 1177
  },
  {
    "fields": {
      "arena": 8,
      "position_x": 7,
      "position_y": 7
    },
    "model": "arenas.territory",
    "pk": 1178
  },
  {
    "fields": {
      "arena": 8,
      "position_x": 7,
      "position_y": 8
    },
    "model": "arenas.territory",
    "pk": 1179
  },
  {
    "fields": {
      "arena": 8,
      "position_x": 7,
      "position_y": 9
    },
    "model": "arenas.territory",
    "pk": 1180
  },
  {
    "fields": {
      "arena": 8,
      "position_x": 8,
      "position_y": 0
    },
    "model": "arenas.territory",
    "pk": 1181
  },
  {
    "fields": {
      "arena": 8,
      "position_x": 8,
      "position_y": 1
    },
    "model": "arenas.territory",
    "pk": 1182
  },
  {
    "fields": {
      "arena": 8,
      "position_x": 8,
      "position_y": 2
    },
    "model": "arenas.territory",
    "pk": 1183
  },
  {
    "fields": {
      "arena": 8,
      "position_x": 8,
      "position_y": 3
    },
    "model": "arenas.territory",
    "pk": 1184
  },
  {
    "fields": {
      "arena": 8,
      "position_x": 8,
      "position_y": 4
    },
    "model": "arenas.territory",
    "pk": 1185
  },
  {
    "fields": {
      "arena": 8,
      "position_x": 8,
      "position_y": 5
    },
    "model": "arenas.territory",
    "pk": 1186
  },
  {
    "fields": {
      "arena": 8,
      "position_x": 8,
      "position_y": 6
    },
    "model": "arenas.territory",
    "pk": 1187
  },
  {
    "fields": {
      "arena": 8,
      "position_x": 8,
      "position_y": 7
    },
    "model": "arenas.territory",
    "pk": 1188
  },
  {
    "fields": {
      "arena": 8,
      "position_x": 8,
      "position_y": 8
    },
    "model": "arenas.territory",
    "pk": 1189
  },
  {
    "fields": {
      "arena": 8,
      "position_x": 8,
      "position_y": 9
    },
    "model": "arenas.territory",
    "pk": 1190
  },
  {
    "fields": {
      "arena": 8,
      "position_x": 9,
      "position_y": 0
    },
    "model": "arenas.territory",
    "pk": 1191
  },
  {
    "fields": {
      "arena": 8,
      "position_x": 9,
      "position_y": 1
    },
    "model": "arenas.territory",
    "pk": 1192
  },
  {
    "fields": {
      "arena": 8,
      "position_x": 9,
      "position_y": 2
    },
    "model": "arenas.territory",
    "pk": 1193
  },
  {
    "fields": {
      "arena": 8,
      "position_x": 9,
      "position_y": 3
    },
    "model": "arenas.territory",
    "pk": 1194
  },
  {
    "fields": {
      "arena": 8,
      "position_x": 9,
      "position_y": 4
    },
    "model": "arenas.territory",
    "pk": 1195
  },
  {
    "fields": {
      "arena": 8,
      "position_x": 9,
      "position_y": 5
    },
    "model": "arenas.territory",
    "pk": 1196
  },
  {
    "fields": {
      "arena": 8,
      "position_x": 9,
      "position_y": 6
    },
    "model": "arenas.territory",
    "pk": 1197
  },
  {
    "fields": {
      "arena": 8,
      "position_x": 9,
      "position_y": 7
    },
    "model": "arenas.territory",
    "pk": 1198
  },
  {
    "fields": {
      "arena": 8,
      "position_x": 9,
      "position_y": 8
    },
    "model": "arenas.territory",
    "pk": 1199
  },
  {
    "fields": {
      "arena": 8,
      "position_x": 9,
      "position_y": 9
    },
    "model": "arenas.territory",
    "pk": 1200
  },
  {
    "fields": {
      "territory": 1101,
      "terrain": null
    },
    "model": "arenas.territorydetail",
    "pk": 301
  },
  {
    "fields": {
      "territory": 1102,
      "terrain": null
    },
    "model": "arenas.territorydetail",
    "pk": 302
  },
  {
    "fields": {
      "territory": 1103,
      "terrain": null
    },
    "model": "arenas.territorydetail",
    "pk": 303
  },
  {
    "fields": {
      "territory": 1104,
      "terrain": null
    },
    "model": "arenas.territorydetail",
    "pk": 304
  },
  {
    "fields": {
      "territory": 1105,
      "terrain": null
    },
    "model": "arenas.territorydetail",
    "pk": 305
  },
  {
    "fields": {
      "territory": 1106,
      "terrain": null
    },
    "model": "arenas.territorydetail",
    "pk": 306
  },
  {
    "fields": {
      "territory": 1107,
      "terrain": null
    },
    "model": "arenas.territorydetail",
    "pk": 307
  },
  {
    "fields": {
      "territory": 1108,
      "terrain": null
    },
    "model": "arenas.territorydetail",
    "pk": 308
  },
  {
    "fields": {
      "territory": 1109,
      "terrain": null
    },
    "model": "arenas.territorydetail",
    "pk": 309
  },
  {
    "fields": {
      "territory": 1110,
      "terrain": null
    },
    "model": "arenas.territorydetail",
    "pk": 310
  },
  {
    "fields": {
      "territory": 1111,
      "terrain": null
    },
    "model": "arenas.territorydetail",
    "pk": 311
  },
  {
    "fields": {
      "territory": 1112,
      "terrain": null
    },
    "model": "arenas.territorydetail",
    "pk": 312
  },
  {
    "fields": {
      "territory": 1113,
      "terrain": null
    },
    "model": "arenas.territorydetail",
    "pk": 313
  },
  {
    "fields": {
      "territory": 1114,
      "terrain": null
    },
    "model": "arenas.territorydetail",
    "pk": 314
  },
  {
    "fields": {
      "territory": 1115,
      "terrain": null
    },
    "model": "arenas.territorydetail",
    "pk": 315
  },
  {
    "fields": {
      "territory": 1116,
      "terrain": null
    },
    "model": "arenas.territorydetail",
    "pk": 316
  },
  {
    "fields": {
      "territory": 1117,
      "terrain": null
    },
    "model": "arenas.territorydetail",
    "pk": 317
  },
  {
    "fields": {
      "territory": 1118,
      "terrain": null
    },
    "model": "arenas.territorydetail",
    "pk": 318
  },
  {
    "fields": {
      "territory": 1119,
      "terrain": null
    },
    "model": "arenas.territorydetail",
    "pk": 319
  },
  {
    "fields": {
      "territory": 1120,
      "terrain": null
    },
    "model": "arenas.territorydetail",
    "pk": 320
  },
  {
    "fields": {
      "territory": 1121,
      "terrain": null
    },
    "model": "arenas.territorydetail",
    "pk": 321
  },
  {
    "fields": {
      "territory": 1122,
      "terrain": null
    },
    "model": "arenas.territorydetail",
    "pk": 322
  },
  {
    "fields": {
      "territory": 1123,
      "terrain": null
    },
    "model": "arenas.territorydetail",
    "pk": 323
  },
  {
    "fields": {
      "territory": 1124,
      "terrain": null
    },
    "model": "arenas.territorydetail",
    "pk": 324
  },
  {
    "fields": {
      "territory": 1125,
      "terrain": null
    },
    "model": "arenas.territorydetail",
    "pk": 325
  },
  {
    "fields": {
      "territory": 1126,
      "terrain": null
    },
    "model": "arenas.territorydetail",
    "pk": 326
  },
  {
    "fields": {
      "territory": 1127,
      "terrain": null
    },
    "model": "arenas.territorydetail",
    "pk": 327
  },
  {
    "fields": {
      "territory": 1128,
      "terrain": null
    },
    "model": "arenas.territorydetail",
    "pk": 328
  },
  {
    "fields": {
      "territory": 1129,
      "terrain": null
    },
    "model": "arenas.territorydetail",
    "pk": 329
  },
  {
    "fields": {
      "territory": 1130,
      "terrain": null
    },
    "model": "arenas.territorydetail",
    "pk": 330
  },
  {
    "fields": {
      "territory": 1131,
      "terrain": null
    },
    "model": "arenas.territorydetail",
    "pk": 331
  },
  {
    "fields": {
      "territory": 1132,
      "terrain": null
    },
    "model": "arenas.territorydetail",
    "pk": 332
  },
  {
    "fields": {
      "territory": 1133,
      "terrain": null
    },
    "model": "arenas.territorydetail",
    "pk": 333
  },
  {
    "fields": {
      "territory": 1134,
      "terrain": null
    },
    "model": "arenas.territorydetail",
    "pk": 334
  },
  {
    "fields": {
      "territory": 1135,
      "terrain": null
    },
    "model": "arenas.territorydetail",
    "pk": 335
  },
  {
    "fields": {
      "territory": 1136,
      "terrain": null
    },
    "model": "arenas.territorydetail",
    "pk": 336
  },
  {
    "fields": {
      "territory": 1137,
      "terrain": null
    },
    "model": "arenas.territorydetail",
    "pk": 337
  },
  {
    "fields": {
      "territory": 1138,
      "terrain": null
    },
    "model": "arenas.territorydetail",
    "pk": 338
  },
  {
    "fields": {
      "territory": 1139,
      "terrain": null
    },
    "model": "arenas.territorydetail",
    "pk": 339
  },
  {
    "fields": {
      "territory": 1140,
      "terrain": null
    },
    "model": "arenas.territorydetail",
    "pk": 340
  },
  {
    "fields": {
      "territory": 1141,
      "terrain": null
    },
    "model": "arenas.territorydetail",
    "pk": 341
  },
  {
    "fields": {
      "territory": 1142,
      "terrain": null
    },
    "model": "arenas.territorydetail",
    "pk": 342
  },
  {
    "fields": {
      "territory": 1143,
      "terrain": null
    },
    "model": "arenas.territorydetail",
    "pk": 343
  },
  {
    "fields": {
      "territory": 1144,
      "terrain": null
    },
    "model": "arenas.territorydetail",
    "pk": 344
  },
  {
    "fields": {
      "territory": 1145,
      "terrain": null
    },
    "model": "arenas.territorydetail",
    "pk": 345
  },
  {
    "fields": {
      "territory": 1146,
      "terrain": null
    },
    "model": "arenas.territorydetail",
    "pk": 346
  },
  {
    "fields": {
      "territory": 1147,
      "terrain": null
    },
    "model": "arenas.territorydetail",
    "pk": 347
  },
  {
    "fields": {
      "territory": 1148,
      "terrain": null
    },
    "model": "arenas.territorydetail",
    "pk": 348
  },
  {
    "fields": {
      "territory": 1149,
      "terrain": null
    },
    "model": "arenas.territorydetail",
    "pk": 349
  },
  {
    "fields": {
      "territory": 1150,
      "terrain": null
    },
    "model": "arenas.territorydetail",
    "pk": 350
  },
  {
    "fields": {
      "territory": 1151,
      "terrain": null
    },
    "model": "arenas.territorydetail",
    "pk": 351
  },
  {
    "fields": {
      "territory": 1152,
      "terrain": null
    },
    "model": "arenas.territorydetail",
    "pk": 352
  },
  {
    "fields": {
      "territory": 1153,
      "terrain": null
    },
    "model": "arenas.territorydetail",
    "pk": 353
  },
  {
    "fields": {
      "territory": 1154,
      "terrain": null
    },
    "model": "arenas.territorydetail",
    "pk": 354
  },
  {
    "fields": {
      "territory": 1155,
      "terrain": null
    },
    "model": "arenas.territorydetail",
    "pk": 355
  },
  {
    "fields": {
      "territory": 1156,
      "terrain": null
    },
    "model": "arenas.territorydetail",
    "pk": 356
  },
  {
    "fields": {
      "territory": 1157,
      "terrain": null
    },
    "model": "arenas.territorydetail",
    "pk": 357
  },
  {
    "fields": {
      "territory": 1158,
      "terrain": null
    },
    "model": "arenas.territorydetail",
    "pk": 358
  },
  {
    "fields": {
      "territory": 1159,
      "terrain": null
    },
    "model": "arenas.territorydetail",
    "pk": 359
  },
  {
    "fields": {
      "territory": 1160,
      "terrain": null
    },
    "model": "arenas.territorydetail",
    "pk": 360
  },
  {
    "fields": {
      "territory": 1161,
      "terrain": null
    },
    "model": "arenas.territorydetail",
    "pk": 361
  },
  {
    "fields": {
      "territory": 1162,
      "terrain": null
    },
    "model": "arenas.territorydetail",
    "pk": 362
  },
  {
    "fields": {
      "territory": 1163,
      "terrain": null
    },
    "model": "arenas.territorydetail",
    "pk": 363
  },
  {
    "fields": {
      "territory": 1164,
      "terrain": null
    },
    "model": "arenas.territorydetail",
    "pk": 364
  },
  {
    "fields": {
      "territory": 1165,
      "terrain": null
    },
    "model": "arenas.territorydetail",
    "pk": 365
  },
  {
    "fields": {
      "territory": 1166,
      "terrain": null
    },
    "model": "arenas.territorydetail",
    "pk": 366
  },
  {
    "fields": {
      "territory": 1167,
      "terrain": null
    },
    "model": "arenas.territorydetail",
    "pk": 367
  },
  {
    "fields": {
      "territory": 1168,
      "terrain": null
    },
    "model": "arenas.territorydetail",
    "pk": 368
  },
  {
    "fields": {
      "territory": 1169,
      "terrain": null
    },
    "model": "arenas.territorydetail",
    "pk": 369
  },
  {
    "fields": {
      "territory": 1170,
      "terrain": null
    },
    "model": "arenas.territorydetail",
    "pk": 370
  },
  {
    "fields": {
      "territory": 1171,
      "terrain": null
    },
    "model": "arenas.territorydetail",
    "pk": 371
  },
  {
    "fields": {
      "territory": 1172,
      "terrain": null
    },
    "model": "arenas.territorydetail",
    "pk": 372
  },
  {
    "fields": {
      "territory": 1173,
      "terrain": null
    },
    "model": "arenas.territorydetail",
    "pk": 373
  },
  {
    "fields": {
      "territory": 1174,
      "terrain": null
    },
    "model": "arenas.territorydetail",
    "pk": 374
  },
  {
    "fields": {
      "territory": 1175,
      "terrain": null
    },
    "model": "arenas.territorydetail",
    "pk": 375
  },
  {
    "fields": {
      "territory": 1176,
      "terrain": null
    },
    "model": "arenas.territorydetail",
    "pk": 376
  },
  {
    "fields": {
      "territory": 1177,
      "terrain": null
    },
    "model": "arenas.territorydetail",
    "pk": 377
  },
  {
    "fields": {
      "territory": 1178,
      "terrain": null
    },
    "model": "arenas.territorydetail",
    "pk": 378
  },
  {
    "fields": {
      "territory": 1179,
      "terrain": null
    },
    "model": "arenas.territorydetail",
    "pk": 379
  },
  {
    "fields": {
      "territory": 1180,
      "terrain": null
    },
    "model": "arenas.territorydetail",
    "pk": 380
  },
  {
    "fields": {
      "territory": 1181,
      "terrain": null
    },
    "model": "arenas.territorydetail",
    "pk": 381
  },
  {
    "fields": {
      "territory": 1182,
      "terrain": null
    },
    "model": "arenas.territorydetail",
    "pk": 382
  },
  {
    "fields": {
      "territory": 1183,
      "terrain": null
    },
    "model": "arenas.territorydetail",
    "pk": 383
  },
  {
    "fields": {
      "territory": 1184,
      "terrain": null
    },
    "model": "arenas.territorydetail",
    "pk": 384
  },
  {
    "fields": {
      "territory": 1185,
      "terrain": null
    },
    "model": "arenas.territorydetail",
    "pk": 385
  },
  {
    "fields": {
      "territory": 1186,
      "terrain": null
    },
    "model": "arenas.territorydetail",
    "pk": 386
  },
  {
    "fields": {
      "territory": 1187,
      "terrain": null
    },
    "model": "arenas.territorydetail",
    "pk": 387
  },
  {
    "fields": {
      "territory": 1188,
      "terrain": null
    },
    "model": "arenas.territorydetail",
    "pk": 388
  },
  {
    "fields": {
      "territory": 1189,
      "terrain": null
    },
    "model": "arenas.territorydetail",
    "pk": 389
  },
  {
    "fields": {
      "territory": 1190,
      "terrain": null
    },
    "model": "arenas.territorydetail",
    "pk": 390
  },
  {
    "fields": {
      "territory": 1191,
      "terrain": null
    },
    "model": "arenas.territorydetail",
    "pk": 391
  },
  {
    "fields": {
      "territory": 1192,
      "terrain": null
    },
    "model": "arenas.territorydetail",
    "pk": 392
  },
  {
    "fields": {
      "territory": 1193,
      "terrain": null
    },
    "model": "arenas.territorydetail",
    "pk": 393
  },
  {
    "fields": {
      "territory": 1194,
      "terrain": null
    },
    "model": "arenas.territorydetail",
    "pk": 394
  },
  {
    "fields": {
      "territory": 1195,
      "terrain": null
    },
    "model": "arenas.territorydetail",
    "pk": 395
  },
  {
    "fields": {
      "territory": 1196,
      "terrain": null
    },
    "model": "arenas.territorydetail",
    "pk": 396
  },
  {
    "fields": {
      "territory": 1197,
      "terrain": null
    },
    "model": "arenas.territorydetail",
    "pk": 397
  },
  {
    "fields": {
      "territory": 1198,
      "terrain": null
    },
    "model": "arenas.territorydetail",
    "pk": 398
  },
  {
    "fields": {
      "territory": 1199,
      "terrain": null
    },
    "model": "arenas.territorydetail",
    "pk": 399
  },
  {
    "fields": {
      "territory": 1200,
      "terrain": null
    },
    "model": "arenas.territorydetail",
    "pk": 400
  },
  {
    "fields": {
      "amount": 1000,
      "resource": 3,
      "territory_detail": 301
    },
    "model": "arenas.territoryresource",
    "pk": 1
  },
  {
    "fields": {
      "amount": 1000,
      "resource": 3,
      "territory_detail": 302
    },
    "model": "arenas.territoryresource",
    "pk": 2
  },
  {
    "fields": {
      "amount": 1000,
      "resource": 3,
      "territory_detail": 303
    },
    "model": "arenas.territoryresource",
    "pk": 3
  },
  {
    "fields": {
      "amount": 1000,
      "resource": 3,
      "territory_detail": 304
    },
    "model": "arenas.territoryresource",
    "pk": 4
  },
  {
    "fields": {
      "amount": 1000,
      "resource": 3,
      "territory_detail": 305
    },
    "model": "arenas.territoryresource",
    "pk": 5
  },
  {
    "fields": {
      "amount": 1000,
      "resource": 3,
      "territory_detail": 306
    },
    "model": "arenas.territoryresource",
    "pk": 6
  },
  {
    "fields": {
      "amount": 1000,
      "resource": 3,
      "territory_detail": 307
    },
    "model": "arenas.territoryresource",
    "pk": 7
  },
  {
    "fields": {
      "amount": 1000,
      "resource": 3,
      "territory_detail": 308
    },
    "model": "arenas.territoryresource",
    "pk": 8
  },
  {
    "fields": {
      "amount": 1000,
      "resource": 3,
      "territory_detail": 309
    },
    "model": "arenas.territoryresource",
    "pk": 9
  },
  {
    "fields": {
      "amount": 1000,
      "resource": 3,
      "territory_detail": 310
    },
    "model": "arenas.territoryresource",
    "pk": 10
  },
  {
    "fields": {
      "amount": 1000,
      "resource": 3,
      "territory_detail": 311
    },
    "model": "arenas.territoryresource",
    "pk": 11
  },
  {
    "fields": {
      "amount": 1000,
      "resource": 3,
      "territory_detail": 312
    },
    "model": "arenas.territoryresource",
    "pk": 12
  },
  {
    "fields": {
      "amount": 1000,
      "resource": 3,
      "territory_detail": 313
    },
    "model": "arenas.territoryresource",
    "pk": 13
  },
  {
    "fields": {
      "amount": 1000,
      "resource": 3,
      "territory_detail": 314
    },
    "model": "arenas.territoryresource",
    "pk": 14
  },
  {
    "fields": {
      "amount": 1000,
      "resource": 3,
      "territory_detail": 315
    },
    "model": "arenas.territoryresource",
    "pk": 15
  },
  {
    "fields": {
      "amount": 1000,
      "resource": 3,
      "territory_detail": 316
    },
    "model": "arenas.territoryresource",
    "pk": 16
  },
  {
    "fields": {
      "amount": 1000,
      "resource": 3,
      "territory_detail": 317
    },
    "model": "arenas.territoryresource",
    "pk": 17
  },
  {
    "fields": {
      "amount": 1000,
      "resource": 3,
      "territory_detail": 318
    },
    "model": "arenas.territoryresource",
    "pk": 18
  },
  {
    "fields": {
      "amount": 1000,
      "resource": 3,
      "territory_detail": 319
    },
    "model": "arenas.territoryresource",
    "pk": 19
  },
  {
    "fields": {
      "amount": 1000,
      "resource": 3,
      "territory_detail": 320
    },
    "model": "arenas.territoryresource",
    "pk": 20
  },
  {
    "fields": {
      "amount": 1000,
      "resource": 3,
      "territory_detail": 321
    },
    "model": "arenas.territoryresource",
    "pk": 21
  },
  {
    "fields": {
      "amount": 1000,
      "resource": 3,
      "territory_detail": 322
    },
    "model": "arenas.territoryresource",
    "pk": 22
  },
  {
    "fields": {
      "amount": 1000,
      "resource": 3,
      "territory_detail": 323
    },
    "model": "arenas.territoryresource",
    "pk": 23
  },
  {
    "fields": {
      "amount": 1000,
      "resource": 3,
      "territory_detail": 324
    },
    "model": "arenas.territoryresource",
    "pk": 24
  },
  {
    "fields": {
      "amount": 1000,
      "resource": 3,
      "territory_detail": 325
    },
    "model": "arenas.territoryresource",
    "pk": 25
  },
  {
    "fields": {
      "amount": 1000,
      "resource": 3,
      "territory_detail": 326
    },
    "model": "arenas.territoryresource",
    "pk": 26
  },
  {
    "fields": {
      "amount": 1000,
      "resource": 3,
      "territory_detail": 327
    },
    "model": "arenas.territoryresource",
    "pk": 27
  },
  {
    "fields": {
      "amount": 1000,
      "resource": 3,
      "territory_detail": 328
    },
    "model": "arenas.territoryresource",
    "pk": 28
  },
  {
    "fields": {
      "amount": 1000,
      "resource": 3,
      "territory_detail": 329
    },
    "model": "arenas.territoryresource",
    "pk": 29
  },
  {
    "fields": {
      "amount": 1000,
      "resource": 3,
      "territory_detail": 330
    },
    "model": "arenas.territoryresource",
    "pk": 30
  },
  {
    "fields": {
      "amount": 1000,
      "resource": 3,
      "territory_detail": 331
    },
    "model": "arenas.territoryresource",
    "pk": 31
  },
  {
    "fields": {
      "amount": 1000,
      "resource": 3,
      "territory_detail": 332
    },
    "model": "arenas.territoryresource",
    "pk": 32
  },
  {
    "fields": {
      "amount": 1000,
      "resource": 3,
      "territory_detail": 333
    },
    "model": "arenas.territoryresource",
    "pk": 33
  },
  {
    "fields": {
      "amount": 1000,
      "resource": 3,
      "territory_detail": 334
    },
    "model": "arenas.territoryresource",
    "pk": 34
  },
  {
    "fields": {
      "amount": 1000,
      "resource": 3,
      "territory_detail": 335
    },
    "model": "arenas.territoryresource",
    "pk": 35
  },
  {
    "fields": {
      "amount": 1000,
      "resource": 3,
      "territory_detail": 336
    },
    "model": "arenas.territoryresource",
    "pk": 36
  },
  {
    "fields": {
      "amount": 1000,
      "resource": 3,
      "territory_detail": 337
    },
    "model": "arenas.territoryresource",
    "pk": 37
  },
  {
    "fields": {
      "amount": 1000,
      "resource": 3,
      "territory_detail": 338
    },
    "model": "arenas.territoryresource",
    "pk": 38
  },
  {
    "fields": {
      "amount": 1000,
      "resource": 3,
      "territory_detail": 339
    },
    "model": "arenas.territoryresource",
    "pk": 39
  },
  {
    "fields": {
      "amount": 1000,
      "resource": 3,
      "territory_detail": 340
    },
    "model": "arenas.territoryresource",
    "pk": 40
  },
  {
    "fields": {
      "amount": 1000,
      "resource": 3,
      "territory_detail": 341
    },
    "model": "arenas.territoryresource",
    "pk": 41
  },
  {
    "fields": {
      "amount": 1000,
      "resource": 3,
      "territory_detail": 342
    },
    "model": "arenas.territoryresource",
    "pk": 42
  },
  {
    "fields": {
      "amount": 1000,
      "resource": 3,
      "territory_detail": 343
    },
    "model": "arenas.territoryresource",
    "pk": 43
  },
  {
    "fields": {
      "amount": 1000,
      "resource": 3,
      "territory_detail": 344
    },
    "model": "arenas.territoryresource",
    "pk": 44
  },
  {
    "fields": {
      "amount": 1000,
      "resource": 3,
      "territory_detail": 345
    },
    "model": "arenas.territoryresource",
    "pk": 45
  },
  {
    "fields": {
      "amount": 1000,
      "resource": 3,
      "territory_detail": 346
    },
    "model": "arenas.territoryresource",
    "pk": 46
  },
  {
    "fields": {
      "amount": 1000,
      "resource": 3,
      "territory_detail": 347
    },
    "model": "arenas.territoryresource",
    "pk": 47
  },
  {
    "fields": {
      "amount": 1000,
      "resource": 3,
      "territory_detail": 348
    },
    "model": "arenas.territoryresource",
    "pk": 48
  },
  {
    "fields": {
      "amount": 1000,
      "resource": 3,
      "territory_detail": 349
    },
    "model": "arenas.territoryresource",
    "pk": 49
  },
  {
    "fields": {
      "amount": 1000,
      "resource": 3,
      "territory_detail": 350
    },
    "model": "arenas.territoryresource",
    "pk": 50
  },
  {
    "fields": {
      "amount": 1000,
      "resource": 3,
      "territory_detail": 351
    },
    "model": "arenas.territoryresource",
    "pk": 51
  },
  {
    "fields": {
      "amount": 1000,
      "resource": 3,
      "territory_detail": 352
    },
    "model": "arenas.territoryresource",
    "pk": 52
  },
  {
    "fields": {
      "amount": 1000,
      "resource": 3,
      "territory_detail": 353
    },
    "model": "arenas.territoryresource",
    "pk": 53
  },
  {
    "fields": {
      "amount": 1000,
      "resource": 3,
      "territory_detail": 354
    },
    "model": "arenas.territoryresource",
    "pk": 54
  },
  {
    "fields": {
      "amount": 1000,
      "resource": 3,
      "territory_detail": 355
    },
    "model": "arenas.territoryresource",
    "pk": 55
  },
  {
    "fields": {
      "amount": 1000,
      "resource": 3,
      "territory_detail": 356
    },
    "model": "arenas.territoryresource",
    "pk": 56
  },
  {
    "fields": {
      "amount": 1000,
      "resource": 3,
      "territory_detail": 357
    },
    "model": "arenas.territoryresource",
    "pk": 57
  },
  {
    "fields": {
      "amount": 1000,
      "resource": 3,
      "territory_detail": 358
    },
    "model": "arenas.territoryresource",
    "pk": 58
  },
  {
    "fields": {
      "amount": 1000,
      "resource": 3,
      "territory_detail": 359
    },
    "model": "arenas.territoryresource",
    "pk": 59
  },
  {
    "fields": {
      "amount": 1000,
      "resource": 3,
      "territory_detail": 360
    },
    "model": "arenas.territoryresource",
    "pk": 60
  },
  {
    "fields": {
      "amount": 1000,
      "resource": 3,
      "territory_detail": 361
    },
    "model": "arenas.territoryresource",
    "pk": 61
  },
  {
    "fields": {
      "amount": 1000,
      "resource": 3,
      "territory_detail": 362
    },
    "model": "arenas.territoryresource",
    "pk": 62
  },
  {
    "fields": {
      "amount": 1000,
      "resource": 3,
      "territory_detail": 363
    },
    "model": "arenas.territoryresource",
    "pk": 63
  },
  {
    "fields": {
      "amount": 1000,
      "resource": 3,
      "territory_detail": 364
    },
    "model": "arenas.territoryresource",
    "pk": 64
  },
  {
    "fields": {
      "amount": 1000,
      "resource": 3,
      "territory_detail": 365
    },
    "model": "arenas.territoryresource",
    "pk": 65
  },
  {
    "fields": {
      "amount": 1000,
      "resource": 3,
      "territory_detail": 366
    },
    "model": "arenas.territoryresource",
    "pk": 66
  },
  {
    "fields": {
      "amount": 1000,
      "resource": 3,
      "territory_detail": 367
    },
    "model": "arenas.territoryresource",
    "pk": 67
  },
  {
    "fields": {
      "amount": 1000,
      "resource": 3,
      "territory_detail": 368
    },
    "model": "arenas.territoryresource",
    "pk": 68
  },
  {
    "fields": {
      "amount": 1000,
      "resource": 3,
      "territory_detail": 369
    },
    "model": "arenas.territoryresource",
    "pk": 69
  },
  {
    "fields": {
      "amount": 1000,
      "resource": 3,
      "territory_detail": 370
    },
    "model": "arenas.territoryresource",
    "pk": 70
  },
  {
    "fields": {
      "amount": 1000,
      "resource": 3,
      "territory_detail": 371
    },
    "model": "arenas.territoryresource",
    "pk": 71
  },
  {
    "fields": {
      "amount": 1000,
      "resource": 3,
      "territory_detail": 372
    },
    "model": "arenas.territoryresource",
    "pk": 72
  },
  {
    "fields": {
      "amount": 1000,
      "resource": 3,
      "territory_detail": 373
    },
    "model": "arenas.territoryresource",
    "pk": 73
  },
  {
    "fields": {
      "amount": 1000,
      "resource": 3,
      "territory_detail": 374
    },
    "model": "arenas.territoryresource",
    "pk": 74
  },
  {
    "fields": {
      "amount": 1000,
      "resource": 3,
      "territory_detail": 375
    },
    "model": "arenas.territoryresource",
    "pk": 75
  },
  {
    "fields": {
      "amount": 1000,
      "resource": 3,
      "territory_detail": 376
    },
    "model": "arenas.territoryresource",
    "pk": 76
  },
  {
    "fields": {
      "amount": 1000,
      "resource": 3,
      "territory_detail": 377
    },
    "model": "arenas.territoryresource",
    "pk": 77
  },
  {
    "fields": {
      "amount": 1000,
      "resource": 3,
      "territory_detail": 378
    },
    "model": "arenas.territoryresource",
    "pk": 78
  },
  {
    "fields": {
      "amount": 1000,
      "resource": 3,
      "territory_detail": 379
    },
    "model": "arenas.territoryresource",
    "pk": 79
  },
  {
    "fields": {
      "amount": 1000,
      "resource": 3,
      "territory_detail": 380
    },
    "model": "arenas.territoryresource",
    "pk": 80
  },
  {
    "fields": {
      "amount": 1000,
      "resource": 3,
      "territory_detail": 381
    },
    "model": "arenas.territoryresource",
    "pk": 81
  },
  {
    "fields": {
      "amount": 1000,
      "resource": 3,
      "territory_detail": 382
    },
    "model": "arenas.territoryresource",
    "pk": 82
  },
  {
    "fields": {
      "amount": 1000,
      "resource": 3,
      "territory_detail": 383
    },
    "model": "arenas.territoryresource",
    "pk": 83
  },
  {
    "fields": {
      "amount": 1000,
      "resource": 3,
      "territory_detail": 384
    },
    "model": "arenas.territoryresource",
    "pk": 84
  },
  {
    "fields": {
      "amount": 1000,
      "resource": 3,
      "territory_detail": 385
    },
    "model": "arenas.territoryresource",
    "pk": 85
  },
  {
    "fields": {
      "amount": 1000,
      "resource": 3,
      "territory_detail": 386
    },
    "model": "arenas.territoryresource",
    "pk": 86
  },
  {
    "fields": {
      "amount": 1000,
      "resource": 3,
      "territory_detail": 387
    },
    "model": "arenas.territoryresource",
    "pk": 87
  },
  {
    "fields": {
      "amount": 1000,
      "resource": 3,
      "territory_detail": 388
    },
    "model": "arenas.territoryresource",
    "pk": 88
  },
  {
    "fields": {
      "amount": 1000,
      "resource": 3,
      "territory_detail": 389
    },
    "model": "arenas.territoryresource",
    "pk": 89
  },
  {
    "fields": {
      "amount": 1000,
      "resource": 3,
      "territory_detail": 390
    },
    "model": "arenas.territoryresource",
    "pk": 90
  },
  {
    "fields": {
      "amount": 1000,
      "resource": 3,
      "territory_detail": 391
    },
    "model": "arenas.territoryresource",
    "pk": 91
  },
  {
    "fields": {
      "amount": 1000,
      "resource": 3,
      "territory_detail": 392
    },
    "model": "arenas.territoryresource",
    "pk": 92
  },
  {
    "fields": {
      "amount": 1000,
      "resource": 3,
      "territory_detail": 393
    },
    "model": "arenas.territoryresource",
    "pk": 93
  },
  {
    "fields": {
      "amount": 1000,
      "resource": 3,
      "territory_detail": 394
    },
    "model": "arenas.territoryresource",
    "pk": 94
  },
  {
    "fields": {
      "amount": 1000,
      "resource": 3,
      "territory_detail": 395
    },
    "model": "arenas.territoryresource",
    "pk": 95
  },
  {
    "fields": {
      "amount": 1000,
      "resource": 3,
      "territory_detail": 396
    },
    "model": "arenas.territoryresource",
    "pk": 96
  },
  {
    "fields": {
      "amount": 1000,
      "resource": 3,
      "territory_detail": 397
    },
    "model": "arenas.territoryresource",
    "pk": 97
  },
  {
    "fields": {
      "amount": 1000,
      "resource": 3,
      "territory_detail": 398
    },
    "model": "arenas.territoryresource",
    "pk": 98
  },
  {
    "fields": {
      "amount": 1000,
      "resource": 3,
      "territory_detail": 399
    },
    "model": "arenas.territoryresource",
    "pk": 99
  },
  {
    "fields": {
      "amount": 1000,
      "resource": 3,
      "territory_detail": 400
    },
    "model": "arenas.territoryresource",
    "pk": 100
  },
  {
    "fields": {
      "amount": 500,
      "resource": 3,
      "territory_detail": 301
    },
    "model": "arenas.territorycosts",
    "pk": 101
  },
  {
    "fields": {
      "amount": 500,
      "resource": 3,
      "territory_detail": 302
    },
    "model": "arenas.territorycosts",
    "pk": 102
  },
  {
    "fields": {
      "amount": 500,
      "resource": 3,
      "territory_detail": 303
    },
    "model": "arenas.territorycosts",
    "pk": 103
  },
  {
    "fields": {
      "amount": 500,
      "resource": 3,
      "territory_detail": 304
    },
    "model": "arenas.territorycosts",
    "pk": 104
  },
  {
    "fields": {
      "amount": 500,
      "resource": 3,
      "territory_detail": 305
    },
    "model": "arenas.territorycosts",
    "pk": 105
  },
  {
    "fields": {
      "amount": 500,
      "resource": 3,
      "territory_detail": 306
    },
    "model": "arenas.territorycosts",
    "pk": 106
  },
  {
    "fields": {
      "amount": 500,
      "resource": 3,
      "territory_detail": 307
    },
    "model": "arenas.territorycosts",
    "pk": 107
  },
  {
    "fields": {
      "amount": 500,
      "resource": 3,
      "territory_detail": 308
    },
    "model": "arenas.territorycosts",
    "pk": 108
  },
  {
    "fields": {
      "amount": 500,
      "resource": 3,
      "territory_detail": 309
    },
    "model": "arenas.territorycosts",
    "pk": 109
  },
  {
    "fields": {
      "amount": 500,
      "resource": 3,
      "territory_detail": 310
    },
    "model": "arenas.territorycosts",
    "pk": 110
  },
  {
    "fields": {
      "amount": 500,
      "resource": 3,
      "territory_detail": 311
    },
    "model": "arenas.territorycosts",
    "pk": 111
  },
  {
    "fields": {
      "amount": 500,
      "resource": 3,
      "territory_detail": 312
    },
    "model": "arenas.territorycosts",
    "pk": 112
  },
  {
    "fields": {
      "amount": 500,
      "resource": 3,
      "territory_detail": 313
    },
    "model": "arenas.territorycosts",
    "pk": 113
  },
  {
    "fields": {
      "amount": 500,
      "resource": 3,
      "territory_detail": 314
    },
    "model": "arenas.territorycosts",
    "pk": 114
  },
  {
    "fields": {
      "amount": 500,
      "resource": 3,
      "territory_detail": 315
    },
    "model": "arenas.territorycosts",
    "pk": 115
  },
  {
    "fields": {
      "amount": 500,
      "resource": 3,
      "territory_detail": 316
    },
    "model": "arenas.territorycosts",
    "pk": 116
  },
  {
    "fields": {
      "amount": 500,
      "resource": 3,
      "territory_detail": 317
    },
    "model": "arenas.territorycosts",
    "pk": 117
  },
  {
    "fields": {
      "amount": 500,
      "resource": 3,
      "territory_detail": 318
    },
    "model": "arenas.territorycosts",
    "pk": 118
  },
  {
    "fields": {
      "amount": 500,
      "resource": 3,
      "territory_detail": 319
    },
    "model": "arenas.territorycosts",
    "pk": 119
  },
  {
    "fields": {
      "amount": 500,
      "resource": 3,
      "territory_detail": 320
    },
    "model": "arenas.territorycosts",
    "pk": 120
  },
  {
    "fields": {
      "amount": 500,
      "resource": 3,
      "territory_detail": 321
    },
    "model": "arenas.territorycosts",
    "pk": 121
  },
  {
    "fields": {
      "amount": 500,
      "resource": 3,
      "territory_detail": 322
    },
    "model": "arenas.territorycosts",
    "pk": 122
  },
  {
    "fields": {
      "amount": 500,
      "resource": 3,
      "territory_detail": 323
    },
    "model": "arenas.territorycosts",
    "pk": 123
  },
  {
    "fields": {
      "amount": 500,
      "resource": 3,
      "territory_detail": 324
    },
    "model": "arenas.territorycosts",
    "pk": 124
  },
  {
    "fields": {
      "amount": 500,
      "resource": 3,
      "territory_detail": 325
    },
    "model": "arenas.territorycosts",
    "pk": 125
  },
  {
    "fields": {
      "amount": 500,
      "resource": 3,
      "territory_detail": 326
    },
    "model": "arenas.territorycosts",
    "pk": 126
  },
  {
    "fields": {
      "amount": 500,
      "resource": 3,
      "territory_detail": 327
    },
    "model": "arenas.territorycosts",
    "pk": 127
  },
  {
    "fields": {
      "amount": 500,
      "resource": 3,
      "territory_detail": 328
    },
    "model": "arenas.territorycosts",
    "pk": 128
  },
  {
    "fields": {
      "amount": 500,
      "resource": 3,
      "territory_detail": 329
    },
    "model": "arenas.territorycosts",
    "pk": 129
  },
  {
    "fields": {
      "amount": 500,
      "resource": 3,
      "territory_detail": 330
    },
    "model": "arenas.territorycosts",
    "pk": 130
  },
  {
    "fields": {
      "amount": 500,
      "resource": 3,
      "territory_detail": 331
    },
    "model": "arenas.territorycosts",
    "pk": 131
  },
  {
    "fields": {
      "amount": 500,
      "resource": 3,
      "territory_detail": 332
    },
    "model": "arenas.territorycosts",
    "pk": 132
  },
  {
    "fields": {
      "amount": 500,
      "resource": 3,
      "territory_detail": 333
    },
    "model": "arenas.territorycosts",
    "pk": 133
  },
  {
    "fields": {
      "amount": 500,
      "resource": 3,
      "territory_detail": 334
    },
    "model": "arenas.territorycosts",
    "pk": 134
  },
  {
    "fields": {
      "amount": 500,
      "resource": 3,
      "territory_detail": 335
    },
    "model": "arenas.territorycosts",
    "pk": 135
  },
  {
    "fields": {
      "amount": 500,
      "resource": 3,
      "territory_detail": 336
    },
    "model": "arenas.territorycosts",
    "pk": 136
  },
  {
    "fields": {
      "amount": 500,
      "resource": 3,
      "territory_detail": 337
    },
    "model": "arenas.territorycosts",
    "pk": 137
  },
  {
    "fields": {
      "amount": 500,
      "resource": 3,
      "territory_detail": 338
    },
    "model": "arenas.territorycosts",
    "pk": 138
  },
  {
    "fields": {
      "amount": 500,
      "resource": 3,
      "territory_detail": 339
    },
    "model": "arenas.territorycosts",
    "pk": 139
  },
  {
    "fields": {
      "amount": 500,
      "resource": 3,
      "territory_detail": 340
    },
    "model": "arenas.territorycosts",
    "pk": 140
  },
  {
    "fields": {
      "amount": 500,
      "resource": 3,
      "territory_detail": 341
    },
    "model": "arenas.territorycosts",
    "pk": 141
  },
  {
    "fields": {
      "amount": 500,
      "resource": 3,
      "territory_detail": 342
    },
    "model": "arenas.territorycosts",
    "pk": 142
  },
  {
    "fields": {
      "amount": 500,
      "resource": 3,
      "territory_detail": 343
    },
    "model": "arenas.territorycosts",
    "pk": 143
  },
  {
    "fields": {
      "amount": 500,
      "resource": 3,
      "territory_detail": 344
    },
    "model": "arenas.territorycosts",
    "pk": 144
  },
  {
    "fields": {
      "amount": 500,
      "resource": 3,
      "territory_detail": 345
    },
    "model": "arenas.territorycosts",
    "pk": 145
  },
  {
    "fields": {
      "amount": 500,
      "resource": 3,
      "territory_detail": 346
    },
    "model": "arenas.territorycosts",
    "pk": 146
  },
  {
    "fields": {
      "amount": 500,
      "resource": 3,
      "territory_detail": 347
    },
    "model": "arenas.territorycosts",
    "pk": 147
  },
  {
    "fields": {
      "amount": 500,
      "resource": 3,
      "territory_detail": 348
    },
    "model": "arenas.territorycosts",
    "pk": 148
  },
  {
    "fields": {
      "amount": 500,
      "resource": 3,
      "territory_detail": 349
    },
    "model": "arenas.territorycosts",
    "pk": 149
  },
  {
    "fields": {
      "amount": 500,
      "resource": 3,
      "territory_detail": 350
    },
    "model": "arenas.territorycosts",
    "pk": 150
  },
  {
    "fields": {
      "amount": 500,
      "resource": 3,
      "territory_detail": 351
    },
    "model": "arenas.territorycosts",
    "pk": 151
  },
  {
    "fields": {
      "amount": 500,
      "resource": 3,
      "territory_detail": 352
    },
    "model": "arenas.territorycosts",
    "pk": 152
  },
  {
    "fields": {
      "amount": 500,
      "resource": 3,
      "territory_detail": 353
    },
    "model": "arenas.territorycosts",
    "pk": 153
  },
  {
    "fields": {
      "amount": 500,
      "resource": 3,
      "territory_detail": 354
    },
    "model": "arenas.territorycosts",
    "pk": 154
  },
  {
    "fields": {
      "amount": 500,
      "resource": 3,
      "territory_detail": 355
    },
    "model": "arenas.territorycosts",
    "pk": 155
  },
  {
    "fields": {
      "amount": 500,
      "resource": 3,
      "territory_detail": 356
    },
    "model": "arenas.territorycosts",
    "pk": 156
  },
  {
    "fields": {
      "amount": 500,
      "resource": 3,
      "territory_detail": 357
    },
    "model": "arenas.territorycosts",
    "pk": 157
  },
  {
    "fields": {
      "amount": 500,
      "resource": 3,
      "territory_detail": 358
    },
    "model": "arenas.territorycosts",
    "pk": 158
  },
  {
    "fields": {
      "amount": 500,
      "resource": 3,
      "territory_detail": 359
    },
    "model": "arenas.territorycosts",
    "pk": 159
  },
  {
    "fields": {
      "amount": 500,
      "resource": 3,
      "territory_detail": 360
    },
    "model": "arenas.territorycosts",
    "pk": 160
  },
  {
    "fields": {
      "amount": 500,
      "resource": 3,
      "territory_detail": 361
    },
    "model": "arenas.territorycosts",
    "pk": 161
  },
  {
    "fields": {
      "amount": 500,
      "resource": 3,
      "territory_detail": 362
    },
    "model": "arenas.territorycosts",
    "pk": 162
  },
  {
    "fields": {
      "amount": 500,
      "resource": 3,
      "territory_detail": 363
    },
    "model": "arenas.territorycosts",
    "pk": 163
  },
  {
    "fields": {
      "amount": 500,
      "resource": 3,
      "territory_detail": 364
    },
    "model": "arenas.territorycosts",
    "pk": 164
  },
  {
    "fields": {
      "amount": 500,
      "resource": 3,
      "territory_detail": 365
    },
    "model": "arenas.territorycosts",
    "pk": 165
  },
  {
    "fields": {
      "amount": 500,
      "resource": 3,
      "territory_detail": 366
    },
    "model": "arenas.territorycosts",
    "pk": 166
  },
  {
    "fields": {
      "amount": 500,
      "resource": 3,
      "territory_detail": 367
    },
    "model": "arenas.territorycosts",
    "pk": 167
  },
  {
    "fields": {
      "amount": 500,
      "resource": 3,
      "territory_detail": 368
    },
    "model": "arenas.territorycosts",
    "pk": 168
  },
  {
    "fields": {
      "amount": 500,
      "resource": 3,
      "territory_detail": 369
    },
    "model": "arenas.territorycosts",
    "pk": 169
  },
  {
    "fields": {
      "amount": 500,
      "resource": 3,
      "territory_detail": 370
    },
    "model": "arenas.territorycosts",
    "pk": 170
  },
  {
    "fields": {
      "amount": 500,
      "resource": 3,
      "territory_detail": 371
    },
    "model": "arenas.territorycosts",
    "pk": 171
  },
  {
    "fields": {
      "amount": 500,
      "resource": 3,
      "territory_detail": 372
    },
    "model": "arenas.territorycosts",
    "pk": 172
  },
  {
    "fields": {
      "amount": 500,
      "resource": 3,
      "territory_detail": 373
    },
    "model": "arenas.territorycosts",
    "pk": 173
  },
  {
    "fields": {
      "amount": 500,
      "resource": 3,
      "territory_detail": 374
    },
    "model": "arenas.territorycosts",
    "pk": 174
  },
  {
    "fields": {
      "amount": 500,
      "resource": 3,
      "territory_detail": 375
    },
    "model": "arenas.territorycosts",
    "pk": 175
  },
  {
    "fields": {
      "amount": 500,
      "resource": 3,
      "territory_detail": 376
    },
    "model": "arenas.territorycosts",
    "pk": 176
  },
  {
    "fields": {
      "amount": 500,
      "resource": 3,
      "territory_detail": 377
    },
    "model": "arenas.territorycosts",
    "pk": 177
  },
  {
    "fields": {
      "amount": 500,
      "resource": 3,
      "territory_detail": 378
    },
    "model": "arenas.territorycosts",
    "pk": 178
  },
  {
    "fields": {
      "amount": 500,
      "resource": 3,
      "territory_detail": 379
    },
    "model": "arenas.territorycosts",
    "pk": 179
  },
  {
    "fields": {
      "amount": 500,
      "resource": 3,
      "territory_detail": 380
    },
    "model": "arenas.territorycosts",
    "pk": 180
  },
  {
    "fields": {
      "amount": 500,
      "resource": 3,
      "territory_detail": 381
    },
    "model": "arenas.territorycosts",
    "pk": 181
  },
  {
    "fields": {
      "amount": 500,
      "resource": 3,
      "territory_detail": 382
    },
    "model": "arenas.territorycosts",
    "pk": 182
  },
  {
    "fields": {
      "amount": 500,
      "resource": 3,
      "territory_detail": 383
    },
    "model": "arenas.territorycosts",
    "pk": 183
  },
  {
    "fields": {
      "amount": 500,
      "resource": 3,
      "territory_detail": 384
    },
    "model": "arenas.territorycosts",
    "pk": 184
  },
  {
    "fields": {
      "amount": 500,
      "resource": 3,
      "territory_detail": 385
    },
    "model": "arenas.territorycosts",
    "pk": 185
  },
  {
    "fields": {
      "amount": 500,
      "resource": 3,
      "territory_detail": 386
    },
    "model": "arenas.territorycosts",
    "pk": 186
  },
  {
    "fields": {
      "amount": 500,
      "resource": 3,
      "territory_detail": 387
    },
    "model": "arenas.territorycosts",
    "pk": 187
  },
  {
    "fields": {
      "amount": 500,
      "resource": 3,
      "territory_detail": 388
    },
    "model": "arenas.territorycosts",
    "pk": 188
  },
  {
    "fields": {
      "amount": 500,
      "resource": 3,
      "territory_detail": 389
    },
    "model": "arenas.territorycosts",
    "pk": 189
  },
  {
    "fields": {
      "amount": 500,
      "resource": 3,
      "territory_detail": 390
    },
    "model": "arenas.territorycosts",
    "pk": 190
  },
  {
    "fields": {
      "amount": 500,
      "resource": 3,
      "territory_detail": 391
    },
    "model": "arenas.territorycosts",
    "pk": 191
  },
  {
    "fields": {
      "amount": 500,
      "resource": 3,
      "territory_detail": 392
    },
    "model": "arenas.territorycosts",
    "pk": 192
  },
  {
    "fields": {
      "amount": 500,
      "resource": 3,
      "territory_detail": 393
    },
    "model": "arenas.territorycosts",
    "pk": 193
  },
  {
    "fields": {
      "amount": 500,
      "resource": 3,
      "territory_detail": 394
    },
    "model": "arenas.territorycosts",
    "pk": 194
  },
  {
    "fields": {
      "amount": 500,
      "resource": 3,
      "territory_detail": 395
    },
    "model": "arenas.territorycosts",
    "pk": 195
  },
  {
    "fields": {
      "amount": 500,
      "resource": 3,
      "territory_detail": 396
    },
    "model": "arenas.territorycosts",
    "pk": 196
  },
  {
    "fields": {
      "amount": 500,
      "resource": 3,
      "territory_detail": 397
    },
    "model": "arenas.territorycosts",
    "pk": 197
  },
  {
    "fields": {
      "amount": 500,
      "resource": 3,
      "territory_detail": 398
    },
    "model": "arenas.territorycosts",
    "pk": 198
  },
  {
    "fields": {
      "amount": 500,
      "resource": 3,
      "territory_detail": 399
    },
    "model": "arenas.territorycosts",
    "pk": 199
  },
  {
    "fields": {
      "amount": 500,
      "resource": 3,
      "territory_detail": 400
    },
    "model": "arenas.territorycosts",
    "pk": 200
  },
  {
    "fields": {
      "name": "Plains"
    },
    "model": "arenas.terrain",
    "pk": 1
  },
  {
    "fields": {
      "name": "Mountains"
    },
    "model": "arenas.terrain",
    "pk": 2
  },
  {
    "fields": {
      "name": "Forest"
    },
    "model": "arenas.terrain",
    "pk": 3
  }
]