[
  {
    "fields": {
      "date_created": "2015-05-19T01:14:35.360Z",
      "size_x": 10,
      "name": "Default",
      "created_by": 1,
      "size_y": 10
    },
    "model": "arenas.arena",
    "pk": 7
  },
  {
    "fields": {
      "arena": 7,
      "position_x": 0,
      "position_y": 0
    },
    "model": "arenas.territory",
    "pk": 1001
  },
  {
    "fields": {
      "arena": 7,
      "position_x": 0,
      "position_y": 1
    },
    "model": "arenas.territory",
    "pk": 1002
  },
  {
    "fields": {
      "arena": 7,
      "position_x": 0,
      "position_y": 2
    },
    "model": "arenas.territory",
    "pk": 1003
  },
  {
    "fields": {
      "arena": 7,
      "position_x": 0,
      "position_y": 3
    },
    "model": "arenas.territory",
    "pk": 1004
  },
  {
    "fields": {
      "arena": 7,
      "position_x": 0,
      "position_y": 4
    },
    "model": "arenas.territory",
    "pk": 1005
  },
  {
    "fields": {
      "arena": 7,
      "position_x": 0,
      "position_y": 5
    },
    "model": "arenas.territory",
    "pk": 1006
  },
  {
    "fields": {
      "arena": 7,
      "position_x": 0,
      "position_y": 6
    },
    "model": "arenas.territory",
    "pk": 1007
  },
  {
    "fields": {
      "arena": 7,
      "position_x": 0,
      "position_y": 7
    },
    "model": "arenas.territory",
    "pk": 1008
  },
  {
    "fields": {
      "arena": 7,
      "position_x": 0,
      "position_y": 8
    },
    "model": "arenas.territory",
    "pk": 1009
  },
  {
    "fields": {
      "arena": 7,
      "position_x": 0,
      "position_y": 9
    },
    "model": "arenas.territory",
    "pk": 1010
  },
  {
    "fields": {
      "arena": 7,
      "position_x": 1,
      "position_y": 0
    },
    "model": "arenas.territory",
    "pk": 1011
  },
  {
    "fields": {
      "arena": 7,
      "position_x": 1,
      "position_y": 1
    },
    "model": "arenas.territory",
    "pk": 1012
  },
  {
    "fields": {
      "arena": 7,
      "position_x": 1,
      "position_y": 2
    },
    "model": "arenas.territory",
    "pk": 1013
  },
  {
    "fields": {
      "arena": 7,
      "position_x": 1,
      "position_y": 3
    },
    "model": "arenas.territory",
    "pk": 1014
  },
  {
    "fields": {
      "arena": 7,
      "position_x": 1,
      "position_y": 4
    },
    "model": "arenas.territory",
    "pk": 1015
  },
  {
    "fields": {
      "arena": 7,
      "position_x": 1,
      "position_y": 5
    },
    "model": "arenas.territory",
    "pk": 1016
  },
  {
    "fields": {
      "arena": 7,
      "position_x": 1,
      "position_y": 6
    },
    "model": "arenas.territory",
    "pk": 1017
  },
  {
    "fields": {
      "arena": 7,
      "position_x": 1,
      "position_y": 7
    },
    "model": "arenas.territory",
    "pk": 1018
  },
  {
    "fields": {
      "arena": 7,
      "position_x": 1,
      "position_y": 8
    },
    "model": "arenas.territory",
    "pk": 1019
  },
  {
    "fields": {
      "arena": 7,
      "position_x": 1,
      "position_y": 9
    },
    "model": "arenas.territory",
    "pk": 1020
  },
  {
    "fields": {
      "arena": 7,
      "position_x": 2,
      "position_y": 0
    },
    "model": "arenas.territory",
    "pk": 1021
  },
  {
    "fields": {
      "arena": 7,
      "position_x": 2,
      "position_y": 1
    },
    "model": "arenas.territory",
    "pk": 1022
  },
  {
    "fields": {
      "arena": 7,
      "position_x": 2,
      "position_y": 2
    },
    "model": "arenas.territory",
    "pk": 1023
  },
  {
    "fields": {
      "arena": 7,
      "position_x": 2,
      "position_y": 3
    },
    "model": "arenas.territory",
    "pk": 1024
  },
  {
    "fields": {
      "arena": 7,
      "position_x": 2,
      "position_y": 4
    },
    "model": "arenas.territory",
    "pk": 1025
  },
  {
    "fields": {
      "arena": 7,
      "position_x": 2,
      "position_y": 5
    },
    "model": "arenas.territory",
    "pk": 1026
  },
  {
    "fields": {
      "arena": 7,
      "position_x": 2,
      "position_y": 6
    },
    "model": "arenas.territory",
    "pk": 1027
  },
  {
    "fields": {
      "arena": 7,
      "position_x": 2,
      "position_y": 7
    },
    "model": "arenas.territory",
    "pk": 1028
  },
  {
    "fields": {
      "arena": 7,
      "position_x": 2,
      "position_y": 8
    },
    "model": "arenas.territory",
    "pk": 1029
  },
  {
    "fields": {
      "arena": 7,
      "position_x": 2,
      "position_y": 9
    },
    "model": "arenas.territory",
    "pk": 1030
  },
  {
    "fields": {
      "arena": 7,
      "position_x": 3,
      "position_y": 0
    },
    "model": "arenas.territory",
    "pk": 1031
  },
  {
    "fields": {
      "arena": 7,
      "position_x": 3,
      "position_y": 1
    },
    "model": "arenas.territory",
    "pk": 1032
  },
  {
    "fields": {
      "arena": 7,
      "position_x": 3,
      "position_y": 2
    },
    "model": "arenas.territory",
    "pk": 1033
  },
  {
    "fields": {
      "arena": 7,
      "position_x": 3,
      "position_y": 3
    },
    "model": "arenas.territory",
    "pk": 1034
  },
  {
    "fields": {
      "arena": 7,
      "position_x": 3,
      "position_y": 4
    },
    "model": "arenas.territory",
    "pk": 1035
  },
  {
    "fields": {
      "arena": 7,
      "position_x": 3,
      "position_y": 5
    },
    "model": "arenas.territory",
    "pk": 1036
  },
  {
    "fields": {
      "arena": 7,
      "position_x": 3,
      "position_y": 6
    },
    "model": "arenas.territory",
    "pk": 1037
  },
  {
    "fields": {
      "arena": 7,
      "position_x": 3,
      "position_y": 7
    },
    "model": "arenas.territory",
    "pk": 1038
  },
  {
    "fields": {
      "arena": 7,
      "position_x": 3,
      "position_y": 8
    },
    "model": "arenas.territory",
    "pk": 1039
  },
  {
    "fields": {
      "arena": 7,
      "position_x": 3,
      "position_y": 9
    },
    "model": "arenas.territory",
    "pk": 1040
  },
  {
    "fields": {
      "arena": 7,
      "position_x": 4,
      "position_y": 0
    },
    "model": "arenas.territory",
    "pk": 1041
  },
  {
    "fields": {
      "arena": 7,
      "position_x": 4,
      "position_y": 1
    },
    "model": "arenas.territory",
    "pk": 1042
  },
  {
    "fields": {
      "arena": 7,
      "position_x": 4,
      "position_y": 2
    },
    "model": "arenas.territory",
    "pk": 1043
  },
  {
    "fields": {
      "arena": 7,
      "position_x": 4,
      "position_y": 3
    },
    "model": "arenas.territory",
    "pk": 1044
  },
  {
    "fields": {
      "arena": 7,
      "position_x": 4,
      "position_y": 4
    },
    "model": "arenas.territory",
    "pk": 1045
  },
  {
    "fields": {
      "arena": 7,
      "position_x": 4,
      "position_y": 5
    },
    "model": "arenas.territory",
    "pk": 1046
  },
  {
    "fields": {
      "arena": 7,
      "position_x": 4,
      "position_y": 6
    },
    "model": "arenas.territory",
    "pk": 1047
  },
  {
    "fields": {
      "arena": 7,
      "position_x": 4,
      "position_y": 7
    },
    "model": "arenas.territory",
    "pk": 1048
  },
  {
    "fields": {
      "arena": 7,
      "position_x": 4,
      "position_y": 8
    },
    "model": "arenas.territory",
    "pk": 1049
  },
  {
    "fields": {
      "arena": 7,
      "position_x": 4,
      "position_y": 9
    },
    "model": "arenas.territory",
    "pk": 1050
  },
  {
    "fields": {
      "arena": 7,
      "position_x": 5,
      "position_y": 0
    },
    "model": "arenas.territory",
    "pk": 1051
  },
  {
    "fields": {
      "arena": 7,
      "position_x": 5,
      "position_y": 1
    },
    "model": "arenas.territory",
    "pk": 1052
  },
  {
    "fields": {
      "arena": 7,
      "position_x": 5,
      "position_y": 2
    },
    "model": "arenas.territory",
    "pk": 1053
  },
  {
    "fields": {
      "arena": 7,
      "position_x": 5,
      "position_y": 3
    },
    "model": "arenas.territory",
    "pk": 1054
  },
  {
    "fields": {
      "arena": 7,
      "position_x": 5,
      "position_y": 4
    },
    "model": "arenas.territory",
    "pk": 1055
  },
  {
    "fields": {
      "arena": 7,
      "position_x": 5,
      "position_y": 5
    },
    "model": "arenas.territory",
    "pk": 1056
  },
  {
    "fields": {
      "arena": 7,
      "position_x": 5,
      "position_y": 6
    },
    "model": "arenas.territory",
    "pk": 1057
  },
  {
    "fields": {
      "arena": 7,
      "position_x": 5,
      "position_y": 7
    },
    "model": "arenas.territory",
    "pk": 1058
  },
  {
    "fields": {
      "arena": 7,
      "position_x": 5,
      "position_y": 8
    },
    "model": "arenas.territory",
    "pk": 1059
  },
  {
    "fields": {
      "arena": 7,
      "position_x": 5,
      "position_y": 9
    },
    "model": "arenas.territory",
    "pk": 1060
  },
  {
    "fields": {
      "arena": 7,
      "position_x": 6,
      "position_y": 0
    },
    "model": "arenas.territory",
    "pk": 1061
  },
  {
    "fields": {
      "arena": 7,
      "position_x": 6,
      "position_y": 1
    },
    "model": "arenas.territory",
    "pk": 1062
  },
  {
    "fields": {
      "arena": 7,
      "position_x": 6,
      "position_y": 2
    },
    "model": "arenas.territory",
    "pk": 1063
  },
  {
    "fields": {
      "arena": 7,
      "position_x": 6,
      "position_y": 3
    },
    "model": "arenas.territory",
    "pk": 1064
  },
  {
    "fields": {
      "arena": 7,
      "position_x": 6,
      "position_y": 4
    },
    "model": "arenas.territory",
    "pk": 1065
  },
  {
    "fields": {
      "arena": 7,
      "position_x": 6,
      "position_y": 5
    },
    "model": "arenas.territory",
    "pk": 1066
  },
  {
    "fields": {
      "arena": 7,
      "position_x": 6,
      "position_y": 6
    },
    "model": "arenas.territory",
    "pk": 1067
  },
  {
    "fields": {
      "arena": 7,
      "position_x": 6,
      "position_y": 7
    },
    "model": "arenas.territory",
    "pk": 1068
  },
  {
    "fields": {
      "arena": 7,
      "position_x": 6,
      "position_y": 8
    },
    "model": "arenas.territory",
    "pk": 1069
  },
  {
    "fields": {
      "arena": 7,
      "position_x": 6,
      "position_y": 9
    },
    "model": "arenas.territory",
    "pk": 1070
  },
  {
    "fields": {
      "arena": 7,
      "position_x": 7,
      "position_y": 0
    },
    "model": "arenas.territory",
    "pk": 1071
  },
  {
    "fields": {
      "arena": 7,
      "position_x": 7,
      "position_y": 1
    },
    "model": "arenas.territory",
    "pk": 1072
  },
  {
    "fields": {
      "arena": 7,
      "position_x": 7,
      "position_y": 2
    },
    "model": "arenas.territory",
    "pk": 1073
  },
  {
    "fields": {
      "arena": 7,
      "position_x": 7,
      "position_y": 3
    },
    "model": "arenas.territory",
    "pk": 1074
  },
  {
    "fields": {
      "arena": 7,
      "position_x": 7,
      "position_y": 4
    },
    "model": "arenas.territory",
    "pk": 1075
  },
  {
    "fields": {
      "arena": 7,
      "position_x": 7,
      "position_y": 5
    },
    "model": "arenas.territory",
    "pk": 1076
  },
  {
    "fields": {
      "arena": 7,
      "position_x": 7,
      "position_y": 6
    },
    "model": "arenas.territory",
    "pk": 1077
  },
  {
    "fields": {
      "arena": 7,
      "position_x": 7,
      "position_y": 7
    },
    "model": "arenas.territory",
    "pk": 1078
  },
  {
    "fields": {
      "arena": 7,
      "position_x": 7,
      "position_y": 8
    },
    "model": "arenas.territory",
    "pk": 1079
  },
  {
    "fields": {
      "arena": 7,
      "position_x": 7,
      "position_y": 9
    },
    "model": "arenas.territory",
    "pk": 1080
  },
  {
    "fields": {
      "arena": 7,
      "position_x": 8,
      "position_y": 0
    },
    "model": "arenas.territory",
    "pk": 1081
  },
  {
    "fields": {
      "arena": 7,
      "position_x": 8,
      "position_y": 1
    },
    "model": "arenas.territory",
    "pk": 1082
  },
  {
    "fields": {
      "arena": 7,
      "position_x": 8,
      "position_y": 2
    },
    "model": "arenas.territory",
    "pk": 1083
  },
  {
    "fields": {
      "arena": 7,
      "position_x": 8,
      "position_y": 3
    },
    "model": "arenas.territory",
    "pk": 1084
  },
  {
    "fields": {
      "arena": 7,
      "position_x": 8,
      "position_y": 4
    },
    "model": "arenas.territory",
    "pk": 1085
  },
  {
    "fields": {
      "arena": 7,
      "position_x": 8,
      "position_y": 5
    },
    "model": "arenas.territory",
    "pk": 1086
  },
  {
    "fields": {
      "arena": 7,
      "position_x": 8,
      "position_y": 6
    },
    "model": "arenas.territory",
    "pk": 1087
  },
  {
    "fields": {
      "arena": 7,
      "position_x": 8,
      "position_y": 7
    },
    "model": "arenas.territory",
    "pk": 1088
  },
  {
    "fields": {
      "arena": 7,
      "position_x": 8,
      "position_y": 8
    },
    "model": "arenas.territory",
    "pk": 1089
  },
  {
    "fields": {
      "arena": 7,
      "position_x": 8,
      "position_y": 9
    },
    "model": "arenas.territory",
    "pk": 1090
  },
  {
    "fields": {
      "arena": 7,
      "position_x": 9,
      "position_y": 0
    },
    "model": "arenas.territory",
    "pk": 1091
  },
  {
    "fields": {
      "arena": 7,
      "position_x": 9,
      "position_y": 1
    },
    "model": "arenas.territory",
    "pk": 1092
  },
  {
    "fields": {
      "arena": 7,
      "position_x": 9,
      "position_y": 2
    },
    "model": "arenas.territory",
    "pk": 1093
  },
  {
    "fields": {
      "arena": 7,
      "position_x": 9,
      "position_y": 3
    },
    "model": "arenas.territory",
    "pk": 1094
  },
  {
    "fields": {
      "arena": 7,
      "position_x": 9,
      "position_y": 4
    },
    "model": "arenas.territory",
    "pk": 1095
  },
  {
    "fields": {
      "arena": 7,
      "position_x": 9,
      "position_y": 5
    },
    "model": "arenas.territory",
    "pk": 1096
  },
  {
    "fields": {
      "arena": 7,
      "position_x": 9,
      "position_y": 6
    },
    "model": "arenas.territory",
    "pk": 1097
  },
  {
    "fields": {
      "arena": 7,
      "position_x": 9,
      "position_y": 7
    },
    "model": "arenas.territory",
    "pk": 1098
  },
  {
    "fields": {
      "arena": 7,
      "position_x": 9,
      "position_y": 8
    },
    "model": "arenas.territory",
    "pk": 1099
  },
  {
    "fields": {
      "arena": 7,
      "position_x": 9,
      "position_y": 9
    },
    "model": "arenas.territory",
    "pk": 1100
  },
  {
    "fields": {
      "territory": 1001,
      "terrain": null
    },
    "model": "arenas.territorydetail",
    "pk": 201
  },
  {
    "fields": {
      "territory": 1002,
      "terrain": null
    },
    "model": "arenas.territorydetail",
    "pk": 202
  },
  {
    "fields": {
      "territory": 1003,
      "terrain": null
    },
    "model": "arenas.territorydetail",
    "pk": 203
  },
  {
    "fields": {
      "territory": 1004,
      "terrain": null
    },
    "model": "arenas.territorydetail",
    "pk": 204
  },
  {
    "fields": {
      "territory": 1005,
      "terrain": null
    },
    "model": "arenas.territorydetail",
    "pk": 205
  },
  {
    "fields": {
      "territory": 1006,
      "terrain": null
    },
    "model": "arenas.territorydetail",
    "pk": 206
  },
  {
    "fields": {
      "territory": 1007,
      "terrain": null
    },
    "model": "arenas.territorydetail",
    "pk": 207
  },
  {
    "fields": {
      "territory": 1008,
      "terrain": null
    },
    "model": "arenas.territorydetail",
    "pk": 208
  },
  {
    "fields": {
      "territory": 1009,
      "terrain": null
    },
    "model": "arenas.territorydetail",
    "pk": 209
  },
  {
    "fields": {
      "territory": 1010,
      "terrain": null
    },
    "model": "arenas.territorydetail",
    "pk": 210
  },
  {
    "fields": {
      "territory": 1011,
      "terrain": null
    },
    "model": "arenas.territorydetail",
    "pk": 211
  },
  {
    "fields": {
      "territory": 1012,
      "terrain": null
    },
    "model": "arenas.territorydetail",
    "pk": 212
  },
  {
    "fields": {
      "territory": 1013,
      "terrain": null
    },
    "model": "arenas.territorydetail",
    "pk": 213
  },
  {
    "fields": {
      "territory": 1014,
      "terrain": null
    },
    "model": "arenas.territorydetail",
    "pk": 214
  },
  {
    "fields": {
      "territory": 1015,
      "terrain": null
    },
    "model": "arenas.territorydetail",
    "pk": 215
  },
  {
    "fields": {
      "territory": 1016,
      "terrain": null
    },
    "model": "arenas.territorydetail",
    "pk": 216
  },
  {
    "fields": {
      "territory": 1017,
      "terrain": null
    },
    "model": "arenas.territorydetail",
    "pk": 217
  },
  {
    "fields": {
      "territory": 1018,
      "terrain": null
    },
    "model": "arenas.territorydetail",
    "pk": 218
  },
  {
    "fields": {
      "territory": 1019,
      "terrain": null
    },
    "model": "arenas.territorydetail",
    "pk": 219
  },
  {
    "fields": {
      "territory": 1020,
      "terrain": null
    },
    "model": "arenas.territorydetail",
    "pk": 220
  },
  {
    "fields": {
      "territory": 1021,
      "terrain": null
    },
    "model": "arenas.territorydetail",
    "pk": 221
  },
  {
    "fields": {
      "territory": 1022,
      "terrain": null
    },
    "model": "arenas.territorydetail",
    "pk": 222
  },
  {
    "fields": {
      "territory": 1023,
      "terrain": null
    },
    "model": "arenas.territorydetail",
    "pk": 223
  },
  {
    "fields": {
      "territory": 1024,
      "terrain": null
    },
    "model": "arenas.territorydetail",
    "pk": 224
  },
  {
    "fields": {
      "territory": 1025,
      "terrain": null
    },
    "model": "arenas.territorydetail",
    "pk": 225
  },
  {
    "fields": {
      "territory": 1026,
      "terrain": null
    },
    "model": "arenas.territorydetail",
    "pk": 226
  },
  {
    "fields": {
      "territory": 1027,
      "terrain": null
    },
    "model": "arenas.territorydetail",
    "pk": 227
  },
  {
    "fields": {
      "territory": 1028,
      "terrain": null
    },
    "model": "arenas.territorydetail",
    "pk": 228
  },
  {
    "fields": {
      "territory": 1029,
      "terrain": null
    },
    "model": "arenas.territorydetail",
    "pk": 229
  },
  {
    "fields": {
      "territory": 1030,
      "terrain": null
    },
    "model": "arenas.territorydetail",
    "pk": 230
  },
  {
    "fields": {
      "territory": 1031,
      "terrain": null
    },
    "model": "arenas.territorydetail",
    "pk": 231
  },
  {
    "fields": {
      "territory": 1032,
      "terrain": null
    },
    "model": "arenas.territorydetail",
    "pk": 232
  },
  {
    "fields": {
      "territory": 1033,
      "terrain": null
    },
    "model": "arenas.territorydetail",
    "pk": 233
  },
  {
    "fields": {
      "territory": 1034,
      "terrain": null
    },
    "model": "arenas.territorydetail",
    "pk": 234
  },
  {
    "fields": {
      "territory": 1035,
      "terrain": null
    },
    "model": "arenas.territorydetail",
    "pk": 235
  },
  {
    "fields": {
      "territory": 1036,
      "terrain": null
    },
    "model": "arenas.territorydetail",
    "pk": 236
  },
  {
    "fields": {
      "territory": 1037,
      "terrain": null
    },
    "model": "arenas.territorydetail",
    "pk": 237
  },
  {
    "fields": {
      "territory": 1038,
      "terrain": null
    },
    "model": "arenas.territorydetail",
    "pk": 238
  },
  {
    "fields": {
      "territory": 1039,
      "terrain": null
    },
    "model": "arenas.territorydetail",
    "pk": 239
  },
  {
    "fields": {
      "territory": 1040,
      "terrain": null
    },
    "model": "arenas.territorydetail",
    "pk": 240
  },
  {
    "fields": {
      "territory": 1041,
      "terrain": null
    },
    "model": "arenas.territorydetail",
    "pk": 241
  },
  {
    "fields": {
      "territory": 1042,
      "terrain": null
    },
    "model": "arenas.territorydetail",
    "pk": 242
  },
  {
    "fields": {
      "territory": 1043,
      "terrain": null
    },
    "model": "arenas.territorydetail",
    "pk": 243
  },
  {
    "fields": {
      "territory": 1044,
      "terrain": null
    },
    "model": "arenas.territorydetail",
    "pk": 244
  },
  {
    "fields": {
      "territory": 1045,
      "terrain": null
    },
    "model": "arenas.territorydetail",
    "pk": 245
  },
  {
    "fields": {
      "territory": 1046,
      "terrain": null
    },
    "model": "arenas.territorydetail",
    "pk": 246
  },
  {
    "fields": {
      "territory": 1047,
      "terrain": null
    },
    "model": "arenas.territorydetail",
    "pk": 247
  },
  {
    "fields": {
      "territory": 1048,
      "terrain": null
    },
    "model": "arenas.territorydetail",
    "pk": 248
  },
  {
    "fields": {
      "territory": 1049,
      "terrain": null
    },
    "model": "arenas.territorydetail",
    "pk": 249
  },
  {
    "fields": {
      "territory": 1050,
      "terrain": null
    },
    "model": "arenas.territorydetail",
    "pk": 250
  },
  {
    "fields": {
      "territory": 1051,
      "terrain": null
    },
    "model": "arenas.territorydetail",
    "pk": 251
  },
  {
    "fields": {
      "territory": 1052,
      "terrain": null
    },
    "model": "arenas.territorydetail",
    "pk": 252
  },
  {
    "fields": {
      "territory": 1053,
      "terrain": null
    },
    "model": "arenas.territorydetail",
    "pk": 253
  },
  {
    "fields": {
      "territory": 1054,
      "terrain": null
    },
    "model": "arenas.territorydetail",
    "pk": 254
  },
  {
    "fields": {
      "territory": 1055,
      "terrain": null
    },
    "model": "arenas.territorydetail",
    "pk": 255
  },
  {
    "fields": {
      "territory": 1056,
      "terrain": null
    },
    "model": "arenas.territorydetail",
    "pk": 256
  },
  {
    "fields": {
      "territory": 1057,
      "terrain": null
    },
    "model": "arenas.territorydetail",
    "pk": 257
  },
  {
    "fields": {
      "territory": 1058,
      "terrain": null
    },
    "model": "arenas.territorydetail",
    "pk": 258
  },
  {
    "fields": {
      "territory": 1059,
      "terrain": null
    },
    "model": "arenas.territorydetail",
    "pk": 259
  },
  {
    "fields": {
      "territory": 1060,
      "terrain": null
    },
    "model": "arenas.territorydetail",
    "pk": 260
  },
  {
    "fields": {
      "territory": 1061,
      "terrain": null
    },
    "model": "arenas.territorydetail",
    "pk": 261
  },
  {
    "fields": {
      "territory": 1062,
      "terrain": null
    },
    "model": "arenas.territorydetail",
    "pk": 262
  },
  {
    "fields": {
      "territory": 1063,
      "terrain": null
    },
    "model": "arenas.territorydetail",
    "pk": 263
  },
  {
    "fields": {
      "territory": 1064,
      "terrain": null
    },
    "model": "arenas.territorydetail",
    "pk": 264
  },
  {
    "fields": {
      "territory": 1065,
      "terrain": null
    },
    "model": "arenas.territorydetail",
    "pk": 265
  },
  {
    "fields": {
      "territory": 1066,
      "terrain": null
    },
    "model": "arenas.territorydetail",
    "pk": 266
  },
  {
    "fields": {
      "territory": 1067,
      "terrain": null
    },
    "model": "arenas.territorydetail",
    "pk": 267
  },
  {
    "fields": {
      "territory": 1068,
      "terrain": null
    },
    "model": "arenas.territorydetail",
    "pk": 268
  },
  {
    "fields": {
      "territory": 1069,
      "terrain": null
    },
    "model": "arenas.territorydetail",
    "pk": 269
  },
  {
    "fields": {
      "territory": 1070,
      "terrain": null
    },
    "model": "arenas.territorydetail",
    "pk": 270
  },
  {
    "fields": {
      "territory": 1071,
      "terrain": null
    },
    "model": "arenas.territorydetail",
    "pk": 271
  },
  {
    "fields": {
      "territory": 1072,
      "terrain": null
    },
    "model": "arenas.territorydetail",
    "pk": 272
  },
  {
    "fields": {
      "territory": 1073,
      "terrain": null
    },
    "model": "arenas.territorydetail",
    "pk": 273
  },
  {
    "fields": {
      "territory": 1074,
      "terrain": null
    },
    "model": "arenas.territorydetail",
    "pk": 274
  },
  {
    "fields": {
      "territory": 1075,
      "terrain": null
    },
    "model": "arenas.territorydetail",
    "pk": 275
  },
  {
    "fields": {
      "territory": 1076,
      "terrain": null
    },
    "model": "arenas.territorydetail",
    "pk": 276
  },
  {
    "fields": {
      "territory": 1077,
      "terrain": null
    },
    "model": "arenas.territorydetail",
    "pk": 277
  },
  {
    "fields": {
      "territory": 1078,
      "terrain": null
    },
    "model": "arenas.territorydetail",
    "pk": 278
  },
  {
    "fields": {
      "territory": 1079,
      "terrain": null
    },
    "model": "arenas.territorydetail",
    "pk": 279
  },
  {
    "fields": {
      "territory": 1080,
      "terrain": null
    },
    "model": "arenas.territorydetail",
    "pk": 280
  },
  {
    "fields": {
      "territory": 1081,
      "terrain": null
    },
    "model": "arenas.territorydetail",
    "pk": 281
  },
  {
    "fields": {
      "territory": 1082,
      "terrain": null
    },
    "model": "arenas.territorydetail",
    "pk": 282
  },
  {
    "fields": {
      "territory": 1083,
      "terrain": null
    },
    "model": "arenas.territorydetail",
    "pk": 283
  },
  {
    "fields": {
      "territory": 1084,
      "terrain": null
    },
    "model": "arenas.territorydetail",
    "pk": 284
  },
  {
    "fields": {
      "territory": 1085,
      "terrain": null
    },
    "model": "arenas.territorydetail",
    "pk": 285
  },
  {
    "fields": {
      "territory": 1086,
      "terrain": null
    },
    "model": "arenas.territorydetail",
    "pk": 286
  },
  {
    "fields": {
      "territory": 1087,
      "terrain": null
    },
    "model": "arenas.territorydetail",
    "pk": 287
  },
  {
    "fields": {
      "territory": 1088,
      "terrain": null
    },
    "model": "arenas.territorydetail",
    "pk": 288
  },
  {
    "fields": {
      "territory": 1089,
      "terrain": null
    },
    "model": "arenas.territorydetail",
    "pk": 289
  },
  {
    "fields": {
      "territory": 1090,
      "terrain": null
    },
    "model": "arenas.territorydetail",
    "pk": 290
  },
  {
    "fields": {
      "territory": 1091,
      "terrain": null
    },
    "model": "arenas.territorydetail",
    "pk": 291
  },
  {
    "fields": {
      "territory": 1092,
      "terrain": null
    },
    "model": "arenas.territorydetail",
    "pk": 292
  },
  {
    "fields": {
      "territory": 1093,
      "terrain": null
    },
    "model": "arenas.territorydetail",
    "pk": 293
  },
  {
    "fields": {
      "territory": 1094,
      "terrain": null
    },
    "model": "arenas.territorydetail",
    "pk": 294
  },
  {
    "fields": {
      "territory": 1095,
      "terrain": null
    },
    "model": "arenas.territorydetail",
    "pk": 295
  },
  {
    "fields": {
      "territory": 1096,
      "terrain": null
    },
    "model": "arenas.territorydetail",
    "pk": 296
  },
  {
    "fields": {
      "territory": 1097,
      "terrain": null
    },
    "model": "arenas.territorydetail",
    "pk": 297
  },
  {
    "fields": {
      "territory": 1098,
      "terrain": null
    },
    "model": "arenas.territorydetail",
    "pk": 298
  },
  {
    "fields": {
      "territory": 1099,
      "terrain": null
    },
    "model": "arenas.territorydetail",
    "pk": 299
  },
  {
    "fields": {
      "territory": 1100,
      "terrain": null
    },
    "model": "arenas.territorydetail",
    "pk": 300
  },
  {
    "fields": {
      "amount": 500,
      "resource": 3,
      "territory_detail": 201
    },
    "model": "arenas.territorycosts",
    "pk": 1
  },
  {
    "fields": {
      "amount": 500,
      "resource": 3,
      "territory_detail": 202
    },
    "model": "arenas.territorycosts",
    "pk": 2
  },
  {
    "fields": {
      "amount": 500,
      "resource": 3,
      "territory_detail": 203
    },
    "model": "arenas.territorycosts",
    "pk": 3
  },
  {
    "fields": {
      "amount": 500,
      "resource": 3,
      "territory_detail": 204
    },
    "model": "arenas.territorycosts",
    "pk": 4
  },
  {
    "fields": {
      "amount": 500,
      "resource": 3,
      "territory_detail": 205
    },
    "model": "arenas.territorycosts",
    "pk": 5
  },
  {
    "fields": {
      "amount": 500,
      "resource": 3,
      "territory_detail": 206
    },
    "model": "arenas.territorycosts",
    "pk": 6
  },
  {
    "fields": {
      "amount": 500,
      "resource": 3,
      "territory_detail": 207
    },
    "model": "arenas.territorycosts",
    "pk": 7
  },
  {
    "fields": {
      "amount": 500,
      "resource": 3,
      "territory_detail": 208
    },
    "model": "arenas.territorycosts",
    "pk": 8
  },
  {
    "fields": {
      "amount": 500,
      "resource": 3,
      "territory_detail": 209
    },
    "model": "arenas.territorycosts",
    "pk": 9
  },
  {
    "fields": {
      "amount": 500,
      "resource": 3,
      "territory_detail": 210
    },
    "model": "arenas.territorycosts",
    "pk": 10
  },
  {
    "fields": {
      "amount": 500,
      "resource": 3,
      "territory_detail": 211
    },
    "model": "arenas.territorycosts",
    "pk": 11
  },
  {
    "fields": {
      "amount": 500,
      "resource": 3,
      "territory_detail": 212
    },
    "model": "arenas.territorycosts",
    "pk": 12
  },
  {
    "fields": {
      "amount": 500,
      "resource": 3,
      "territory_detail": 213
    },
    "model": "arenas.territorycosts",
    "pk": 13
  },
  {
    "fields": {
      "amount": 500,
      "resource": 3,
      "territory_detail": 214
    },
    "model": "arenas.territorycosts",
    "pk": 14
  },
  {
    "fields": {
      "amount": 500,
      "resource": 3,
      "territory_detail": 215
    },
    "model": "arenas.territorycosts",
    "pk": 15
  },
  {
    "fields": {
      "amount": 500,
      "resource": 3,
      "territory_detail": 216
    },
    "model": "arenas.territorycosts",
    "pk": 16
  },
  {
    "fields": {
      "amount": 500,
      "resource": 3,
      "territory_detail": 217
    },
    "model": "arenas.territorycosts",
    "pk": 17
  },
  {
    "fields": {
      "amount": 500,
      "resource": 3,
      "territory_detail": 218
    },
    "model": "arenas.territorycosts",
    "pk": 18
  },
  {
    "fields": {
      "amount": 500,
      "resource": 3,
      "territory_detail": 219
    },
    "model": "arenas.territorycosts",
    "pk": 19
  },
  {
    "fields": {
      "amount": 500,
      "resource": 3,
      "territory_detail": 220
    },
    "model": "arenas.territorycosts",
    "pk": 20
  },
  {
    "fields": {
      "amount": 500,
      "resource": 3,
      "territory_detail": 221
    },
    "model": "arenas.territorycosts",
    "pk": 21
  },
  {
    "fields": {
      "amount": 500,
      "resource": 3,
      "territory_detail": 222
    },
    "model": "arenas.territorycosts",
    "pk": 22
  },
  {
    "fields": {
      "amount": 500,
      "resource": 3,
      "territory_detail": 223
    },
    "model": "arenas.territorycosts",
    "pk": 23
  },
  {
    "fields": {
      "amount": 500,
      "resource": 3,
      "territory_detail": 224
    },
    "model": "arenas.territorycosts",
    "pk": 24
  },
  {
    "fields": {
      "amount": 500,
      "resource": 3,
      "territory_detail": 225
    },
    "model": "arenas.territorycosts",
    "pk": 25
  },
  {
    "fields": {
      "amount": 500,
      "resource": 3,
      "territory_detail": 226
    },
    "model": "arenas.territorycosts",
    "pk": 26
  },
  {
    "fields": {
      "amount": 500,
      "resource": 3,
      "territory_detail": 227
    },
    "model": "arenas.territorycosts",
    "pk": 27
  },
  {
    "fields": {
      "amount": 500,
      "resource": 3,
      "territory_detail": 228
    },
    "model": "arenas.territorycosts",
    "pk": 28
  },
  {
    "fields": {
      "amount": 500,
      "resource": 3,
      "territory_detail": 229
    },
    "model": "arenas.territorycosts",
    "pk": 29
  },
  {
    "fields": {
      "amount": 500,
      "resource": 3,
      "territory_detail": 230
    },
    "model": "arenas.territorycosts",
    "pk": 30
  },
  {
    "fields": {
      "amount": 500,
      "resource": 3,
      "territory_detail": 231
    },
    "model": "arenas.territorycosts",
    "pk": 31
  },
  {
    "fields": {
      "amount": 500,
      "resource": 3,
      "territory_detail": 232
    },
    "model": "arenas.territorycosts",
    "pk": 32
  },
  {
    "fields": {
      "amount": 500,
      "resource": 3,
      "territory_detail": 233
    },
    "model": "arenas.territorycosts",
    "pk": 33
  },
  {
    "fields": {
      "amount": 500,
      "resource": 3,
      "territory_detail": 234
    },
    "model": "arenas.territorycosts",
    "pk": 34
  },
  {
    "fields": {
      "amount": 500,
      "resource": 3,
      "territory_detail": 235
    },
    "model": "arenas.territorycosts",
    "pk": 35
  },
  {
    "fields": {
      "amount": 500,
      "resource": 3,
      "territory_detail": 236
    },
    "model": "arenas.territorycosts",
    "pk": 36
  },
  {
    "fields": {
      "amount": 500,
      "resource": 3,
      "territory_detail": 237
    },
    "model": "arenas.territorycosts",
    "pk": 37
  },
  {
    "fields": {
      "amount": 500,
      "resource": 3,
      "territory_detail": 238
    },
    "model": "arenas.territorycosts",
    "pk": 38
  },
  {
    "fields": {
      "amount": 500,
      "resource": 3,
      "territory_detail": 239
    },
    "model": "arenas.territorycosts",
    "pk": 39
  },
  {
    "fields": {
      "amount": 500,
      "resource": 3,
      "territory_detail": 240
    },
    "model": "arenas.territorycosts",
    "pk": 40
  },
  {
    "fields": {
      "amount": 500,
      "resource": 3,
      "territory_detail": 241
    },
    "model": "arenas.territorycosts",
    "pk": 41
  },
  {
    "fields": {
      "amount": 500,
      "resource": 3,
      "territory_detail": 242
    },
    "model": "arenas.territorycosts",
    "pk": 42
  },
  {
    "fields": {
      "amount": 500,
      "resource": 3,
      "territory_detail": 243
    },
    "model": "arenas.territorycosts",
    "pk": 43
  },
  {
    "fields": {
      "amount": 500,
      "resource": 3,
      "territory_detail": 244
    },
    "model": "arenas.territorycosts",
    "pk": 44
  },
  {
    "fields": {
      "amount": 500,
      "resource": 3,
      "territory_detail": 245
    },
    "model": "arenas.territorycosts",
    "pk": 45
  },
  {
    "fields": {
      "amount": 500,
      "resource": 3,
      "territory_detail": 246
    },
    "model": "arenas.territorycosts",
    "pk": 46
  },
  {
    "fields": {
      "amount": 500,
      "resource": 3,
      "territory_detail": 247
    },
    "model": "arenas.territorycosts",
    "pk": 47
  },
  {
    "fields": {
      "amount": 500,
      "resource": 3,
      "territory_detail": 248
    },
    "model": "arenas.territorycosts",
    "pk": 48
  },
  {
    "fields": {
      "amount": 500,
      "resource": 3,
      "territory_detail": 249
    },
    "model": "arenas.territorycosts",
    "pk": 49
  },
  {
    "fields": {
      "amount": 500,
      "resource": 3,
      "territory_detail": 250
    },
    "model": "arenas.territorycosts",
    "pk": 50
  },
  {
    "fields": {
      "amount": 500,
      "resource": 3,
      "territory_detail": 251
    },
    "model": "arenas.territorycosts",
    "pk": 51
  },
  {
    "fields": {
      "amount": 500,
      "resource": 3,
      "territory_detail": 252
    },
    "model": "arenas.territorycosts",
    "pk": 52
  },
  {
    "fields": {
      "amount": 500,
      "resource": 3,
      "territory_detail": 253
    },
    "model": "arenas.territorycosts",
    "pk": 53
  },
  {
    "fields": {
      "amount": 500,
      "resource": 3,
      "territory_detail": 254
    },
    "model": "arenas.territorycosts",
    "pk": 54
  },
  {
    "fields": {
      "amount": 500,
      "resource": 3,
      "territory_detail": 255
    },
    "model": "arenas.territorycosts",
    "pk": 55
  },
  {
    "fields": {
      "amount": 500,
      "resource": 3,
      "territory_detail": 256
    },
    "model": "arenas.territorycosts",
    "pk": 56
  },
  {
    "fields": {
      "amount": 500,
      "resource": 3,
      "territory_detail": 257
    },
    "model": "arenas.territorycosts",
    "pk": 57
  },
  {
    "fields": {
      "amount": 500,
      "resource": 3,
      "territory_detail": 258
    },
    "model": "arenas.territorycosts",
    "pk": 58
  },
  {
    "fields": {
      "amount": 500,
      "resource": 3,
      "territory_detail": 259
    },
    "model": "arenas.territorycosts",
    "pk": 59
  },
  {
    "fields": {
      "amount": 500,
      "resource": 3,
      "territory_detail": 260
    },
    "model": "arenas.territorycosts",
    "pk": 60
  },
  {
    "fields": {
      "amount": 500,
      "resource": 3,
      "territory_detail": 261
    },
    "model": "arenas.territorycosts",
    "pk": 61
  },
  {
    "fields": {
      "amount": 500,
      "resource": 3,
      "territory_detail": 262
    },
    "model": "arenas.territorycosts",
    "pk": 62
  },
  {
    "fields": {
      "amount": 500,
      "resource": 3,
      "territory_detail": 263
    },
    "model": "arenas.territorycosts",
    "pk": 63
  },
  {
    "fields": {
      "amount": 500,
      "resource": 3,
      "territory_detail": 264
    },
    "model": "arenas.territorycosts",
    "pk": 64
  },
  {
    "fields": {
      "amount": 500,
      "resource": 3,
      "territory_detail": 265
    },
    "model": "arenas.territorycosts",
    "pk": 65
  },
  {
    "fields": {
      "amount": 500,
      "resource": 3,
      "territory_detail": 266
    },
    "model": "arenas.territorycosts",
    "pk": 66
  },
  {
    "fields": {
      "amount": 500,
      "resource": 3,
      "territory_detail": 267
    },
    "model": "arenas.territorycosts",
    "pk": 67
  },
  {
    "fields": {
      "amount": 500,
      "resource": 3,
      "territory_detail": 268
    },
    "model": "arenas.territorycosts",
    "pk": 68
  },
  {
    "fields": {
      "amount": 500,
      "resource": 3,
      "territory_detail": 269
    },
    "model": "arenas.territorycosts",
    "pk": 69
  },
  {
    "fields": {
      "amount": 500,
      "resource": 3,
      "territory_detail": 270
    },
    "model": "arenas.territorycosts",
    "pk": 70
  },
  {
    "fields": {
      "amount": 500,
      "resource": 3,
      "territory_detail": 271
    },
    "model": "arenas.territorycosts",
    "pk": 71
  },
  {
    "fields": {
      "amount": 500,
      "resource": 3,
      "territory_detail": 272
    },
    "model": "arenas.territorycosts",
    "pk": 72
  },
  {
    "fields": {
      "amount": 500,
      "resource": 3,
      "territory_detail": 273
    },
    "model": "arenas.territorycosts",
    "pk": 73
  },
  {
    "fields": {
      "amount": 500,
      "resource": 3,
      "territory_detail": 274
    },
    "model": "arenas.territorycosts",
    "pk": 74
  },
  {
    "fields": {
      "amount": 500,
      "resource": 3,
      "territory_detail": 275
    },
    "model": "arenas.territorycosts",
    "pk": 75
  },
  {
    "fields": {
      "amount": 500,
      "resource": 3,
      "territory_detail": 276
    },
    "model": "arenas.territorycosts",
    "pk": 76
  },
  {
    "fields": {
      "amount": 500,
      "resource": 3,
      "territory_detail": 277
    },
    "model": "arenas.territorycosts",
    "pk": 77
  },
  {
    "fields": {
      "amount": 500,
      "resource": 3,
      "territory_detail": 278
    },
    "model": "arenas.territorycosts",
    "pk": 78
  },
  {
    "fields": {
      "amount": 500,
      "resource": 3,
      "territory_detail": 279
    },
    "model": "arenas.territorycosts",
    "pk": 79
  },
  {
    "fields": {
      "amount": 500,
      "resource": 3,
      "territory_detail": 280
    },
    "model": "arenas.territorycosts",
    "pk": 80
  },
  {
    "fields": {
      "amount": 500,
      "resource": 3,
      "territory_detail": 281
    },
    "model": "arenas.territorycosts",
    "pk": 81
  },
  {
    "fields": {
      "amount": 500,
      "resource": 3,
      "territory_detail": 282
    },
    "model": "arenas.territorycosts",
    "pk": 82
  },
  {
    "fields": {
      "amount": 500,
      "resource": 3,
      "territory_detail": 283
    },
    "model": "arenas.territorycosts",
    "pk": 83
  },
  {
    "fields": {
      "amount": 500,
      "resource": 3,
      "territory_detail": 284
    },
    "model": "arenas.territorycosts",
    "pk": 84
  },
  {
    "fields": {
      "amount": 500,
      "resource": 3,
      "territory_detail": 285
    },
    "model": "arenas.territorycosts",
    "pk": 85
  },
  {
    "fields": {
      "amount": 500,
      "resource": 3,
      "territory_detail": 286
    },
    "model": "arenas.territorycosts",
    "pk": 86
  },
  {
    "fields": {
      "amount": 500,
      "resource": 3,
      "territory_detail": 287
    },
    "model": "arenas.territorycosts",
    "pk": 87
  },
  {
    "fields": {
      "amount": 500,
      "resource": 3,
      "territory_detail": 288
    },
    "model": "arenas.territorycosts",
    "pk": 88
  },
  {
    "fields": {
      "amount": 500,
      "resource": 3,
      "territory_detail": 289
    },
    "model": "arenas.territorycosts",
    "pk": 89
  },
  {
    "fields": {
      "amount": 500,
      "resource": 3,
      "territory_detail": 290
    },
    "model": "arenas.territorycosts",
    "pk": 90
  },
  {
    "fields": {
      "amount": 500,
      "resource": 3,
      "territory_detail": 291
    },
    "model": "arenas.territorycosts",
    "pk": 91
  },
  {
    "fields": {
      "amount": 500,
      "resource": 3,
      "territory_detail": 292
    },
    "model": "arenas.territorycosts",
    "pk": 92
  },
  {
    "fields": {
      "amount": 500,
      "resource": 3,
      "territory_detail": 293
    },
    "model": "arenas.territorycosts",
    "pk": 93
  },
  {
    "fields": {
      "amount": 500,
      "resource": 3,
      "territory_detail": 294
    },
    "model": "arenas.territorycosts",
    "pk": 94
  },
  {
    "fields": {
      "amount": 500,
      "resource": 3,
      "territory_detail": 295
    },
    "model": "arenas.territorycosts",
    "pk": 95
  },
  {
    "fields": {
      "amount": 500,
      "resource": 3,
      "territory_detail": 296
    },
    "model": "arenas.territorycosts",
    "pk": 96
  },
  {
    "fields": {
      "amount": 500,
      "resource": 3,
      "territory_detail": 297
    },
    "model": "arenas.territorycosts",
    "pk": 97
  },
  {
    "fields": {
      "amount": 500,
      "resource": 3,
      "territory_detail": 298
    },
    "model": "arenas.territorycosts",
    "pk": 98
  },
  {
    "fields": {
      "amount": 500,
      "resource": 3,
      "territory_detail": 299
    },
    "model": "arenas.territorycosts",
    "pk": 99
  },
  {
    "fields": {
      "amount": 500,
      "resource": 3,
      "territory_detail": 300
    },
    "model": "arenas.territorycosts",
    "pk": 100
  },
  {
    "fields": {"name": "Plains"},
    "model": "arenas.terrain",
    "pk": 1
  },
  {
    "fields": {"name": "Mountains"},
    "model": "arenas.terrain",
    "pk": 2
  },
  {
    "fields": {"name": "Forest"},
    "model": "arenas.terrain",
    "pk": 3
  }
]