[{"fields": {"date_created": "2015-05-22T02:16:05.194Z", "size_x": 10, "name": "Default", "created_by": 1, "size_y": 10}, "model": "arenas.arena", "pk": 10}, {"fields": {"arena": 10, "position_x": 0, "position_y": 0}, "model": "arenas.territory", "pk": 1301}, {"fields": {"arena": 10, "position_x": 0, "position_y": 1}, "model": "arenas.territory", "pk": 1302}, {"fields": {"arena": 10, "position_x": 0, "position_y": 2}, "model": "arenas.territory", "pk": 1303}, {"fields": {"arena": 10, "position_x": 0, "position_y": 3}, "model": "arenas.territory", "pk": 1304}, {"fields": {"arena": 10, "position_x": 0, "position_y": 4}, "model": "arenas.territory", "pk": 1305}, {"fields": {"arena": 10, "position_x": 0, "position_y": 5}, "model": "arenas.territory", "pk": 1306}, {"fields": {"arena": 10, "position_x": 0, "position_y": 6}, "model": "arenas.territory", "pk": 1307}, {"fields": {"arena": 10, "position_x": 0, "position_y": 7}, "model": "arenas.territory", "pk": 1308}, {"fields": {"arena": 10, "position_x": 0, "position_y": 8}, "model": "arenas.territory", "pk": 1309}, {"fields": {"arena": 10, "position_x": 0, "position_y": 9}, "model": "arenas.territory", "pk": 1310}, {"fields": {"arena": 10, "position_x": 1, "position_y": 0}, "model": "arenas.territory", "pk": 1311}, {"fields": {"arena": 10, "position_x": 1, "position_y": 1}, "model": "arenas.territory", "pk": 1312}, {"fields": {"arena": 10, "position_x": 1, "position_y": 2}, "model": "arenas.territory", "pk": 1313}, {"fields": {"arena": 10, "position_x": 1, "position_y": 3}, "model": "arenas.territory", "pk": 1314}, {"fields": {"arena": 10, "position_x": 1, "position_y": 4}, "model": "arenas.territory", "pk": 1315}, {"fields": {"arena": 10, "position_x": 1, "position_y": 5}, "model": "arenas.territory", "pk": 1316}, {"fields": {"arena": 10, "position_x": 1, "position_y": 6}, "model": "arenas.territory", "pk": 1317}, {"fields": {"arena": 10, "position_x": 1, "position_y": 7}, "model": "arenas.territory", "pk": 1318}, {"fields": {"arena": 10, "position_x": 1, "position_y": 8}, "model": "arenas.territory", "pk": 1319}, {"fields": {"arena": 10, "position_x": 1, "position_y": 9}, "model": "arenas.territory", "pk": 1320}, {"fields": {"arena": 10, "position_x": 2, "position_y": 0}, "model": "arenas.territory", "pk": 1321}, {"fields": {"arena": 10, "position_x": 2, "position_y": 1}, "model": "arenas.territory", "pk": 1322}, {"fields": {"arena": 10, "position_x": 2, "position_y": 2}, "model": "arenas.territory", "pk": 1323}, {"fields": {"arena": 10, "position_x": 2, "position_y": 3}, "model": "arenas.territory", "pk": 1324}, {"fields": {"arena": 10, "position_x": 2, "position_y": 4}, "model": "arenas.territory", "pk": 1325}, {"fields": {"arena": 10, "position_x": 2, "position_y": 5}, "model": "arenas.territory", "pk": 1326}, {"fields": {"arena": 10, "position_x": 2, "position_y": 6}, "model": "arenas.territory", "pk": 1327}, {"fields": {"arena": 10, "position_x": 2, "position_y": 7}, "model": "arenas.territory", "pk": 1328}, {"fields": {"arena": 10, "position_x": 2, "position_y": 8}, "model": "arenas.territory", "pk": 1329}, {"fields": {"arena": 10, "position_x": 2, "position_y": 9}, "model": "arenas.territory", "pk": 1330}, {"fields": {"arena": 10, "position_x": 3, "position_y": 0}, "model": "arenas.territory", "pk": 1331}, {"fields": {"arena": 10, "position_x": 3, "position_y": 1}, "model": "arenas.territory", "pk": 1332}, {"fields": {"arena": 10, "position_x": 3, "position_y": 2}, "model": "arenas.territory", "pk": 1333}, {"fields": {"arena": 10, "position_x": 3, "position_y": 3}, "model": "arenas.territory", "pk": 1334}, {"fields": {"arena": 10, "position_x": 3, "position_y": 4}, "model": "arenas.territory", "pk": 1335}, {"fields": {"arena": 10, "position_x": 3, "position_y": 5}, "model": "arenas.territory", "pk": 1336}, {"fields": {"arena": 10, "position_x": 3, "position_y": 6}, "model": "arenas.territory", "pk": 1337}, {"fields": {"arena": 10, "position_x": 3, "position_y": 7}, "model": "arenas.territory", "pk": 1338}, {"fields": {"arena": 10, "position_x": 3, "position_y": 8}, "model": "arenas.territory", "pk": 1339}, {"fields": {"arena": 10, "position_x": 3, "position_y": 9}, "model": "arenas.territory", "pk": 1340}, {"fields": {"arena": 10, "position_x": 4, "position_y": 0}, "model": "arenas.territory", "pk": 1341}, {"fields": {"arena": 10, "position_x": 4, "position_y": 1}, "model": "arenas.territory", "pk": 1342}, {"fields": {"arena": 10, "position_x": 4, "position_y": 2}, "model": "arenas.territory", "pk": 1343}, {"fields": {"arena": 10, "position_x": 4, "position_y": 3}, "model": "arenas.territory", "pk": 1344}, {"fields": {"arena": 10, "position_x": 4, "position_y": 4}, "model": "arenas.territory", "pk": 1345}, {"fields": {"arena": 10, "position_x": 4, "position_y": 5}, "model": "arenas.territory", "pk": 1346}, {"fields": {"arena": 10, "position_x": 4, "position_y": 6}, "model": "arenas.territory", "pk": 1347}, {"fields": {"arena": 10, "position_x": 4, "position_y": 7}, "model": "arenas.territory", "pk": 1348}, {"fields": {"arena": 10, "position_x": 4, "position_y": 8}, "model": "arenas.territory", "pk": 1349}, {"fields": {"arena": 10, "position_x": 4, "position_y": 9}, "model": "arenas.territory", "pk": 1350}, {"fields": {"arena": 10, "position_x": 5, "position_y": 0}, "model": "arenas.territory", "pk": 1351}, {"fields": {"arena": 10, "position_x": 5, "position_y": 1}, "model": "arenas.territory", "pk": 1352}, {"fields": {"arena": 10, "position_x": 5, "position_y": 2}, "model": "arenas.territory", "pk": 1353}, {"fields": {"arena": 10, "position_x": 5, "position_y": 3}, "model": "arenas.territory", "pk": 1354}, {"fields": {"arena": 10, "position_x": 5, "position_y": 4}, "model": "arenas.territory", "pk": 1355}, {"fields": {"arena": 10, "position_x": 5, "position_y": 5}, "model": "arenas.territory", "pk": 1356}, {"fields": {"arena": 10, "position_x": 5, "position_y": 6}, "model": "arenas.territory", "pk": 1357}, {"fields": {"arena": 10, "position_x": 5, "position_y": 7}, "model": "arenas.territory", "pk": 1358}, {"fields": {"arena": 10, "position_x": 5, "position_y": 8}, "model": "arenas.territory", "pk": 1359}, {"fields": {"arena": 10, "position_x": 5, "position_y": 9}, "model": "arenas.territory", "pk": 1360}, {"fields": {"arena": 10, "position_x": 6, "position_y": 0}, "model": "arenas.territory", "pk": 1361}, {"fields": {"arena": 10, "position_x": 6, "position_y": 1}, "model": "arenas.territory", "pk": 1362}, {"fields": {"arena": 10, "position_x": 6, "position_y": 2}, "model": "arenas.territory", "pk": 1363}, {"fields": {"arena": 10, "position_x": 6, "position_y": 3}, "model": "arenas.territory", "pk": 1364}, {"fields": {"arena": 10, "position_x": 6, "position_y": 4}, "model": "arenas.territory", "pk": 1365}, {"fields": {"arena": 10, "position_x": 6, "position_y": 5}, "model": "arenas.territory", "pk": 1366}, {"fields": {"arena": 10, "position_x": 6, "position_y": 6}, "model": "arenas.territory", "pk": 1367}, {"fields": {"arena": 10, "position_x": 6, "position_y": 7}, "model": "arenas.territory", "pk": 1368}, {"fields": {"arena": 10, "position_x": 6, "position_y": 8}, "model": "arenas.territory", "pk": 1369}, {"fields": {"arena": 10, "position_x": 6, "position_y": 9}, "model": "arenas.territory", "pk": 1370}, {"fields": {"arena": 10, "position_x": 7, "position_y": 0}, "model": "arenas.territory", "pk": 1371}, {"fields": {"arena": 10, "position_x": 7, "position_y": 1}, "model": "arenas.territory", "pk": 1372}, {"fields": {"arena": 10, "position_x": 7, "position_y": 2}, "model": "arenas.territory", "pk": 1373}, {"fields": {"arena": 10, "position_x": 7, "position_y": 3}, "model": "arenas.territory", "pk": 1374}, {"fields": {"arena": 10, "position_x": 7, "position_y": 4}, "model": "arenas.territory", "pk": 1375}, {"fields": {"arena": 10, "position_x": 7, "position_y": 5}, "model": "arenas.territory", "pk": 1376}, {"fields": {"arena": 10, "position_x": 7, "position_y": 6}, "model": "arenas.territory", "pk": 1377}, {"fields": {"arena": 10, "position_x": 7, "position_y": 7}, "model": "arenas.territory", "pk": 1378}, {"fields": {"arena": 10, "position_x": 7, "position_y": 8}, "model": "arenas.territory", "pk": 1379}, {"fields": {"arena": 10, "position_x": 7, "position_y": 9}, "model": "arenas.territory", "pk": 1380}, {"fields": {"arena": 10, "position_x": 8, "position_y": 0}, "model": "arenas.territory", "pk": 1381}, {"fields": {"arena": 10, "position_x": 8, "position_y": 1}, "model": "arenas.territory", "pk": 1382}, {"fields": {"arena": 10, "position_x": 8, "position_y": 2}, "model": "arenas.territory", "pk": 1383}, {"fields": {"arena": 10, "position_x": 8, "position_y": 3}, "model": "arenas.territory", "pk": 1384}, {"fields": {"arena": 10, "position_x": 8, "position_y": 4}, "model": "arenas.territory", "pk": 1385}, {"fields": {"arena": 10, "position_x": 8, "position_y": 5}, "model": "arenas.territory", "pk": 1386}, {"fields": {"arena": 10, "position_x": 8, "position_y": 6}, "model": "arenas.territory", "pk": 1387}, {"fields": {"arena": 10, "position_x": 8, "position_y": 7}, "model": "arenas.territory", "pk": 1388}, {"fields": {"arena": 10, "position_x": 8, "position_y": 8}, "model": "arenas.territory", "pk": 1389}, {"fields": {"arena": 10, "position_x": 8, "position_y": 9}, "model": "arenas.territory", "pk": 1390}, {"fields": {"arena": 10, "position_x": 9, "position_y": 0}, "model": "arenas.territory", "pk": 1391}, {"fields": {"arena": 10, "position_x": 9, "position_y": 1}, "model": "arenas.territory", "pk": 1392}, {"fields": {"arena": 10, "position_x": 9, "position_y": 2}, "model": "arenas.territory", "pk": 1393}, {"fields": {"arena": 10, "position_x": 9, "position_y": 3}, "model": "arenas.territory", "pk": 1394}, {"fields": {"arena": 10, "position_x": 9, "position_y": 4}, "model": "arenas.territory", "pk": 1395}, {"fields": {"arena": 10, "position_x": 9, "position_y": 5}, "model": "arenas.territory", "pk": 1396}, {"fields": {"arena": 10, "position_x": 9, "position_y": 6}, "model": "arenas.territory", "pk": 1397}, {"fields": {"arena": 10, "position_x": 9, "position_y": 7}, "model": "arenas.territory", "pk": 1398}, {"fields": {"arena": 10, "position_x": 9, "position_y": 8}, "model": "arenas.territory", "pk": 1399}, {"fields": {"arena": 10, "position_x": 9, "position_y": 9}, "model": "arenas.territory", "pk": 1400}, {"fields": {"territory": 1301, "terrain": null}, "model": "arenas.territorydetail", "pk": 501}, {"fields": {"territory": 1302, "terrain": null}, "model": "arenas.territorydetail", "pk": 502}, {"fields": {"territory": 1303, "terrain": null}, "model": "arenas.territorydetail", "pk": 503}, {"fields": {"territory": 1304, "terrain": null}, "model": "arenas.territorydetail", "pk": 504}, {"fields": {"territory": 1305, "terrain": null}, "model": "arenas.territorydetail", "pk": 505}, {"fields": {"territory": 1306, "terrain": null}, "model": "arenas.territorydetail", "pk": 506}, {"fields": {"territory": 1307, "terrain": null}, "model": "arenas.territorydetail", "pk": 507}, {"fields": {"territory": 1308, "terrain": null}, "model": "arenas.territorydetail", "pk": 508}, {"fields": {"territory": 1309, "terrain": null}, "model": "arenas.territorydetail", "pk": 509}, {"fields": {"territory": 1310, "terrain": null}, "model": "arenas.territorydetail", "pk": 510}, {"fields": {"territory": 1311, "terrain": null}, "model": "arenas.territorydetail", "pk": 511}, {"fields": {"territory": 1312, "terrain": null}, "model": "arenas.territorydetail", "pk": 512}, {"fields": {"territory": 1313, "terrain": null}, "model": "arenas.territorydetail", "pk": 513}, {"fields": {"territory": 1314, "terrain": null}, "model": "arenas.territorydetail", "pk": 514}, {"fields": {"territory": 1315, "terrain": null}, "model": "arenas.territorydetail", "pk": 515}, {"fields": {"territory": 1316, "terrain": null}, "model": "arenas.territorydetail", "pk": 516}, {"fields": {"territory": 1317, "terrain": null}, "model": "arenas.territorydetail", "pk": 517}, {"fields": {"territory": 1318, "terrain": null}, "model": "arenas.territorydetail", "pk": 518}, {"fields": {"territory": 1319, "terrain": null}, "model": "arenas.territorydetail", "pk": 519}, {"fields": {"territory": 1320, "terrain": null}, "model": "arenas.territorydetail", "pk": 520}, {"fields": {"territory": 1321, "terrain": null}, "model": "arenas.territorydetail", "pk": 521}, {"fields": {"territory": 1322, "terrain": null}, "model": "arenas.territorydetail", "pk": 522}, {"fields": {"territory": 1323, "terrain": null}, "model": "arenas.territorydetail", "pk": 523}, {"fields": {"territory": 1324, "terrain": null}, "model": "arenas.territorydetail", "pk": 524}, {"fields": {"territory": 1325, "terrain": null}, "model": "arenas.territorydetail", "pk": 525}, {"fields": {"territory": 1326, "terrain": null}, "model": "arenas.territorydetail", "pk": 526}, {"fields": {"territory": 1327, "terrain": null}, "model": "arenas.territorydetail", "pk": 527}, {"fields": {"territory": 1328, "terrain": null}, "model": "arenas.territorydetail", "pk": 528}, {"fields": {"territory": 1329, "terrain": null}, "model": "arenas.territorydetail", "pk": 529}, {"fields": {"territory": 1330, "terrain": null}, "model": "arenas.territorydetail", "pk": 530}, {"fields": {"territory": 1331, "terrain": null}, "model": "arenas.territorydetail", "pk": 531}, {"fields": {"territory": 1332, "terrain": null}, "model": "arenas.territorydetail", "pk": 532}, {"fields": {"territory": 1333, "terrain": null}, "model": "arenas.territorydetail", "pk": 533}, {"fields": {"territory": 1334, "terrain": null}, "model": "arenas.territorydetail", "pk": 534}, {"fields": {"territory": 1335, "terrain": null}, "model": "arenas.territorydetail", "pk": 535}, {"fields": {"territory": 1336, "terrain": null}, "model": "arenas.territorydetail", "pk": 536}, {"fields": {"territory": 1337, "terrain": null}, "model": "arenas.territorydetail", "pk": 537}, {"fields": {"territory": 1338, "terrain": null}, "model": "arenas.territorydetail", "pk": 538}, {"fields": {"territory": 1339, "terrain": null}, "model": "arenas.territorydetail", "pk": 539}, {"fields": {"territory": 1340, "terrain": null}, "model": "arenas.territorydetail", "pk": 540}, {"fields": {"territory": 1341, "terrain": null}, "model": "arenas.territorydetail", "pk": 541}, {"fields": {"territory": 1342, "terrain": null}, "model": "arenas.territorydetail", "pk": 542}, {"fields": {"territory": 1343, "terrain": null}, "model": "arenas.territorydetail", "pk": 543}, {"fields": {"territory": 1344, "terrain": null}, "model": "arenas.territorydetail", "pk": 544}, {"fields": {"territory": 1345, "terrain": null}, "model": "arenas.territorydetail", "pk": 545}, {"fields": {"territory": 1346, "terrain": null}, "model": "arenas.territorydetail", "pk": 546}, {"fields": {"territory": 1347, "terrain": null}, "model": "arenas.territorydetail", "pk": 547}, {"fields": {"territory": 1348, "terrain": null}, "model": "arenas.territorydetail", "pk": 548}, {"fields": {"territory": 1349, "terrain": null}, "model": "arenas.territorydetail", "pk": 549}, {"fields": {"territory": 1350, "terrain": null}, "model": "arenas.territorydetail", "pk": 550}, {"fields": {"territory": 1351, "terrain": null}, "model": "arenas.territorydetail", "pk": 551}, {"fields": {"territory": 1352, "terrain": null}, "model": "arenas.territorydetail", "pk": 552}, {"fields": {"territory": 1353, "terrain": null}, "model": "arenas.territorydetail", "pk": 553}, {"fields": {"territory": 1354, "terrain": null}, "model": "arenas.territorydetail", "pk": 554}, {"fields": {"territory": 1355, "terrain": null}, "model": "arenas.territorydetail", "pk": 555}, {"fields": {"territory": 1356, "terrain": null}, "model": "arenas.territorydetail", "pk": 556}, {"fields": {"territory": 1357, "terrain": null}, "model": "arenas.territorydetail", "pk": 557}, {"fields": {"territory": 1358, "terrain": null}, "model": "arenas.territorydetail", "pk": 558}, {"fields": {"territory": 1359, "terrain": null}, "model": "arenas.territorydetail", "pk": 559}, {"fields": {"territory": 1360, "terrain": null}, "model": "arenas.territorydetail", "pk": 560}, {"fields": {"territory": 1361, "terrain": null}, "model": "arenas.territorydetail", "pk": 561}, {"fields": {"territory": 1362, "terrain": null}, "model": "arenas.territorydetail", "pk": 562}, {"fields": {"territory": 1363, "terrain": null}, "model": "arenas.territorydetail", "pk": 563}, {"fields": {"territory": 1364, "terrain": null}, "model": "arenas.territorydetail", "pk": 564}, {"fields": {"territory": 1365, "terrain": null}, "model": "arenas.territorydetail", "pk": 565}, {"fields": {"territory": 1366, "terrain": null}, "model": "arenas.territorydetail", "pk": 566}, {"fields": {"territory": 1367, "terrain": null}, "model": "arenas.territorydetail", "pk": 567}, {"fields": {"territory": 1368, "terrain": null}, "model": "arenas.territorydetail", "pk": 568}, {"fields": {"territory": 1369, "terrain": null}, "model": "arenas.territorydetail", "pk": 569}, {"fields": {"territory": 1370, "terrain": null}, "model": "arenas.territorydetail", "pk": 570}, {"fields": {"territory": 1371, "terrain": null}, "model": "arenas.territorydetail", "pk": 571}, {"fields": {"territory": 1372, "terrain": null}, "model": "arenas.territorydetail", "pk": 572}, {"fields": {"territory": 1373, "terrain": null}, "model": "arenas.territorydetail", "pk": 573}, {"fields": {"territory": 1374, "terrain": null}, "model": "arenas.territorydetail", "pk": 574}, {"fields": {"territory": 1375, "terrain": null}, "model": "arenas.territorydetail", "pk": 575}, {"fields": {"territory": 1376, "terrain": null}, "model": "arenas.territorydetail", "pk": 576}, {"fields": {"territory": 1377, "terrain": null}, "model": "arenas.territorydetail", "pk": 577}, {"fields": {"territory": 1378, "terrain": null}, "model": "arenas.territorydetail", "pk": 578}, {"fields": {"territory": 1379, "terrain": null}, "model": "arenas.territorydetail", "pk": 579}, {"fields": {"territory": 1380, "terrain": null}, "model": "arenas.territorydetail", "pk": 580}, {"fields": {"territory": 1381, "terrain": null}, "model": "arenas.territorydetail", "pk": 581}, {"fields": {"territory": 1382, "terrain": null}, "model": "arenas.territorydetail", "pk": 582}, {"fields": {"territory": 1383, "terrain": null}, "model": "arenas.territorydetail", "pk": 583}, {"fields": {"territory": 1384, "terrain": null}, "model": "arenas.territorydetail", "pk": 584}, {"fields": {"territory": 1385, "terrain": null}, "model": "arenas.territorydetail", "pk": 585}, {"fields": {"territory": 1386, "terrain": null}, "model": "arenas.territorydetail", "pk": 586}, {"fields": {"territory": 1387, "terrain": null}, "model": "arenas.territorydetail", "pk": 587}, {"fields": {"territory": 1388, "terrain": null}, "model": "arenas.territorydetail", "pk": 588}, {"fields": {"territory": 1389, "terrain": null}, "model": "arenas.territorydetail", "pk": 589}, {"fields": {"territory": 1390, "terrain": null}, "model": "arenas.territorydetail", "pk": 590}, {"fields": {"territory": 1391, "terrain": null}, "model": "arenas.territorydetail", "pk": 591}, {"fields": {"territory": 1392, "terrain": null}, "model": "arenas.territorydetail", "pk": 592}, {"fields": {"territory": 1393, "terrain": null}, "model": "arenas.territorydetail", "pk": 593}, {"fields": {"territory": 1394, "terrain": null}, "model": "arenas.territorydetail", "pk": 594}, {"fields": {"territory": 1395, "terrain": null}, "model": "arenas.territorydetail", "pk": 595}, {"fields": {"territory": 1396, "terrain": null}, "model": "arenas.territorydetail", "pk": 596}, {"fields": {"territory": 1397, "terrain": null}, "model": "arenas.territorydetail", "pk": 597}, {"fields": {"territory": 1398, "terrain": null}, "model": "arenas.territorydetail", "pk": 598}, {"fields": {"territory": 1399, "terrain": null}, "model": "arenas.territorydetail", "pk": 599}, {"fields": {"territory": 1400, "terrain": null}, "model": "arenas.territorydetail", "pk": 600}, {"fields": {"amount": 100, "resource": 2, "territory_detail": 501}, "model": "arenas.territoryresource", "pk": 401}, {"fields": {"amount": 100, "resource": 1, "territory_detail": 501}, "model": "arenas.territoryresource", "pk": 402}, {"fields": {"amount": 250, "resource": 3, "territory_detail": 501}, "model": "arenas.territoryresource", "pk": 403}, {"fields": {"amount": 100, "resource": 2, "territory_detail": 502}, "model": "arenas.territoryresource", "pk": 404}, {"fields": {"amount": 100, "resource": 1, "territory_detail": 502}, "model": "arenas.territoryresource", "pk": 405}, {"fields": {"amount": 250, "resource": 3, "territory_detail": 502}, "model": "arenas.territoryresource", "pk": 406}, {"fields": {"amount": 100, "resource": 2, "territory_detail": 503}, "model": "arenas.territoryresource", "pk": 407}, {"fields": {"amount": 100, "resource": 1, "territory_detail": 503}, "model": "arenas.territoryresource", "pk": 408}, {"fields": {"amount": 250, "resource": 3, "territory_detail": 503}, "model": "arenas.territoryresource", "pk": 409}, {"fields": {"amount": 100, "resource": 2, "territory_detail": 504}, "model": "arenas.territoryresource", "pk": 410}, {"fields": {"amount": 100, "resource": 1, "territory_detail": 504}, "model": "arenas.territoryresource", "pk": 411}, {"fields": {"amount": 250, "resource": 3, "territory_detail": 504}, "model": "arenas.territoryresource", "pk": 412}, {"fields": {"amount": 100, "resource": 2, "territory_detail": 505}, "model": "arenas.territoryresource", "pk": 413}, {"fields": {"amount": 100, "resource": 1, "territory_detail": 505}, "model": "arenas.territoryresource", "pk": 414}, {"fields": {"amount": 250, "resource": 3, "territory_detail": 505}, "model": "arenas.territoryresource", "pk": 415}, {"fields": {"amount": 100, "resource": 2, "territory_detail": 506}, "model": "arenas.territoryresource", "pk": 416}, {"fields": {"amount": 100, "resource": 1, "territory_detail": 506}, "model": "arenas.territoryresource", "pk": 417}, {"fields": {"amount": 250, "resource": 3, "territory_detail": 506}, "model": "arenas.territoryresource", "pk": 418}, {"fields": {"amount": 100, "resource": 2, "territory_detail": 507}, "model": "arenas.territoryresource", "pk": 419}, {"fields": {"amount": 100, "resource": 1, "territory_detail": 507}, "model": "arenas.territoryresource", "pk": 420}, {"fields": {"amount": 250, "resource": 3, "territory_detail": 507}, "model": "arenas.territoryresource", "pk": 421}, {"fields": {"amount": 100, "resource": 2, "territory_detail": 508}, "model": "arenas.territoryresource", "pk": 422}, {"fields": {"amount": 100, "resource": 1, "territory_detail": 508}, "model": "arenas.territoryresource", "pk": 423}, {"fields": {"amount": 250, "resource": 3, "territory_detail": 508}, "model": "arenas.territoryresource", "pk": 424}, {"fields": {"amount": 100, "resource": 2, "territory_detail": 509}, "model": "arenas.territoryresource", "pk": 425}, {"fields": {"amount": 100, "resource": 1, "territory_detail": 509}, "model": "arenas.territoryresource", "pk": 426}, {"fields": {"amount": 250, "resource": 3, "territory_detail": 509}, "model": "arenas.territoryresource", "pk": 427}, {"fields": {"amount": 100, "resource": 2, "territory_detail": 510}, "model": "arenas.territoryresource", "pk": 428}, {"fields": {"amount": 100, "resource": 1, "territory_detail": 510}, "model": "arenas.territoryresource", "pk": 429}, {"fields": {"amount": 250, "resource": 3, "territory_detail": 510}, "model": "arenas.territoryresource", "pk": 430}, {"fields": {"amount": 100, "resource": 2, "territory_detail": 511}, "model": "arenas.territoryresource", "pk": 431}, {"fields": {"amount": 100, "resource": 1, "territory_detail": 511}, "model": "arenas.territoryresource", "pk": 432}, {"fields": {"amount": 250, "resource": 3, "territory_detail": 511}, "model": "arenas.territoryresource", "pk": 433}, {"fields": {"amount": 100, "resource": 2, "territory_detail": 512}, "model": "arenas.territoryresource", "pk": 434}, {"fields": {"amount": 100, "resource": 1, "territory_detail": 512}, "model": "arenas.territoryresource", "pk": 435}, {"fields": {"amount": 250, "resource": 3, "territory_detail": 512}, "model": "arenas.territoryresource", "pk": 436}, {"fields": {"amount": 100, "resource": 2, "territory_detail": 513}, "model": "arenas.territoryresource", "pk": 437}, {"fields": {"amount": 100, "resource": 1, "territory_detail": 513}, "model": "arenas.territoryresource", "pk": 438}, {"fields": {"amount": 250, "resource": 3, "territory_detail": 513}, "model": "arenas.territoryresource", "pk": 439}, {"fields": {"amount": 100, "resource": 2, "territory_detail": 514}, "model": "arenas.territoryresource", "pk": 440}, {"fields": {"amount": 100, "resource": 1, "territory_detail": 514}, "model": "arenas.territoryresource", "pk": 441}, {"fields": {"amount": 250, "resource": 3, "territory_detail": 514}, "model": "arenas.territoryresource", "pk": 442}, {"fields": {"amount": 100, "resource": 2, "territory_detail": 515}, "model": "arenas.territoryresource", "pk": 443}, {"fields": {"amount": 100, "resource": 1, "territory_detail": 515}, "model": "arenas.territoryresource", "pk": 444}, {"fields": {"amount": 250, "resource": 3, "territory_detail": 515}, "model": "arenas.territoryresource", "pk": 445}, {"fields": {"amount": 100, "resource": 2, "territory_detail": 516}, "model": "arenas.territoryresource", "pk": 446}, {"fields": {"amount": 100, "resource": 1, "territory_detail": 516}, "model": "arenas.territoryresource", "pk": 447}, {"fields": {"amount": 250, "resource": 3, "territory_detail": 516}, "model": "arenas.territoryresource", "pk": 448}, {"fields": {"amount": 100, "resource": 2, "territory_detail": 517}, "model": "arenas.territoryresource", "pk": 449}, {"fields": {"amount": 100, "resource": 1, "territory_detail": 517}, "model": "arenas.territoryresource", "pk": 450}, {"fields": {"amount": 250, "resource": 3, "territory_detail": 517}, "model": "arenas.territoryresource", "pk": 451}, {"fields": {"amount": 100, "resource": 2, "territory_detail": 518}, "model": "arenas.territoryresource", "pk": 452}, {"fields": {"amount": 100, "resource": 1, "territory_detail": 518}, "model": "arenas.territoryresource", "pk": 453}, {"fields": {"amount": 250, "resource": 3, "territory_detail": 518}, "model": "arenas.territoryresource", "pk": 454}, {"fields": {"amount": 100, "resource": 2, "territory_detail": 519}, "model": "arenas.territoryresource", "pk": 455}, {"fields": {"amount": 100, "resource": 1, "territory_detail": 519}, "model": "arenas.territoryresource", "pk": 456}, {"fields": {"amount": 250, "resource": 3, "territory_detail": 519}, "model": "arenas.territoryresource", "pk": 457}, {"fields": {"amount": 100, "resource": 2, "territory_detail": 520}, "model": "arenas.territoryresource", "pk": 458}, {"fields": {"amount": 100, "resource": 1, "territory_detail": 520}, "model": "arenas.territoryresource", "pk": 459}, {"fields": {"amount": 250, "resource": 3, "territory_detail": 520}, "model": "arenas.territoryresource", "pk": 460}, {"fields": {"amount": 100, "resource": 2, "territory_detail": 521}, "model": "arenas.territoryresource", "pk": 461}, {"fields": {"amount": 100, "resource": 1, "territory_detail": 521}, "model": "arenas.territoryresource", "pk": 462}, {"fields": {"amount": 250, "resource": 3, "territory_detail": 521}, "model": "arenas.territoryresource", "pk": 463}, {"fields": {"amount": 100, "resource": 2, "territory_detail": 522}, "model": "arenas.territoryresource", "pk": 464}, {"fields": {"amount": 100, "resource": 1, "territory_detail": 522}, "model": "arenas.territoryresource", "pk": 465}, {"fields": {"amount": 250, "resource": 3, "territory_detail": 522}, "model": "arenas.territoryresource", "pk": 466}, {"fields": {"amount": 100, "resource": 2, "territory_detail": 523}, "model": "arenas.territoryresource", "pk": 467}, {"fields": {"amount": 100, "resource": 1, "territory_detail": 523}, "model": "arenas.territoryresource", "pk": 468}, {"fields": {"amount": 250, "resource": 3, "territory_detail": 523}, "model": "arenas.territoryresource", "pk": 469}, {"fields": {"amount": 100, "resource": 2, "territory_detail": 524}, "model": "arenas.territoryresource", "pk": 470}, {"fields": {"amount": 100, "resource": 1, "territory_detail": 524}, "model": "arenas.territoryresource", "pk": 471}, {"fields": {"amount": 250, "resource": 3, "territory_detail": 524}, "model": "arenas.territoryresource", "pk": 472}, {"fields": {"amount": 100, "resource": 2, "territory_detail": 525}, "model": "arenas.territoryresource", "pk": 473}, {"fields": {"amount": 100, "resource": 1, "territory_detail": 525}, "model": "arenas.territoryresource", "pk": 474}, {"fields": {"amount": 250, "resource": 3, "territory_detail": 525}, "model": "arenas.territoryresource", "pk": 475}, {"fields": {"amount": 100, "resource": 2, "territory_detail": 526}, "model": "arenas.territoryresource", "pk": 476}, {"fields": {"amount": 100, "resource": 1, "territory_detail": 526}, "model": "arenas.territoryresource", "pk": 477}, {"fields": {"amount": 250, "resource": 3, "territory_detail": 526}, "model": "arenas.territoryresource", "pk": 478}, {"fields": {"amount": 100, "resource": 2, "territory_detail": 527}, "model": "arenas.territoryresource", "pk": 479}, {"fields": {"amount": 100, "resource": 1, "territory_detail": 527}, "model": "arenas.territoryresource", "pk": 480}, {"fields": {"amount": 250, "resource": 3, "territory_detail": 527}, "model": "arenas.territoryresource", "pk": 481}, {"fields": {"amount": 100, "resource": 2, "territory_detail": 528}, "model": "arenas.territoryresource", "pk": 482}, {"fields": {"amount": 100, "resource": 1, "territory_detail": 528}, "model": "arenas.territoryresource", "pk": 483}, {"fields": {"amount": 250, "resource": 3, "territory_detail": 528}, "model": "arenas.territoryresource", "pk": 484}, {"fields": {"amount": 100, "resource": 2, "territory_detail": 529}, "model": "arenas.territoryresource", "pk": 485}, {"fields": {"amount": 100, "resource": 1, "territory_detail": 529}, "model": "arenas.territoryresource", "pk": 486}, {"fields": {"amount": 250, "resource": 3, "territory_detail": 529}, "model": "arenas.territoryresource", "pk": 487}, {"fields": {"amount": 100, "resource": 2, "territory_detail": 530}, "model": "arenas.territoryresource", "pk": 488}, {"fields": {"amount": 100, "resource": 1, "territory_detail": 530}, "model": "arenas.territoryresource", "pk": 489}, {"fields": {"amount": 250, "resource": 3, "territory_detail": 530}, "model": "arenas.territoryresource", "pk": 490}, {"fields": {"amount": 100, "resource": 2, "territory_detail": 531}, "model": "arenas.territoryresource", "pk": 491}, {"fields": {"amount": 100, "resource": 1, "territory_detail": 531}, "model": "arenas.territoryresource", "pk": 492}, {"fields": {"amount": 250, "resource": 3, "territory_detail": 531}, "model": "arenas.territoryresource", "pk": 493}, {"fields": {"amount": 100, "resource": 2, "territory_detail": 532}, "model": "arenas.territoryresource", "pk": 494}, {"fields": {"amount": 100, "resource": 1, "territory_detail": 532}, "model": "arenas.territoryresource", "pk": 495}, {"fields": {"amount": 250, "resource": 3, "territory_detail": 532}, "model": "arenas.territoryresource", "pk": 496}, {"fields": {"amount": 100, "resource": 2, "territory_detail": 533}, "model": "arenas.territoryresource", "pk": 497}, {"fields": {"amount": 100, "resource": 1, "territory_detail": 533}, "model": "arenas.territoryresource", "pk": 498}, {"fields": {"amount": 250, "resource": 3, "territory_detail": 533}, "model": "arenas.territoryresource", "pk": 499}, {"fields": {"amount": 100, "resource": 2, "territory_detail": 534}, "model": "arenas.territoryresource", "pk": 500}, {"fields": {"amount": 100, "resource": 1, "territory_detail": 534}, "model": "arenas.territoryresource", "pk": 501}, {"fields": {"amount": 250, "resource": 3, "territory_detail": 534}, "model": "arenas.territoryresource", "pk": 502}, {"fields": {"amount": 100, "resource": 2, "territory_detail": 535}, "model": "arenas.territoryresource", "pk": 503}, {"fields": {"amount": 100, "resource": 1, "territory_detail": 535}, "model": "arenas.territoryresource", "pk": 504}, {"fields": {"amount": 250, "resource": 3, "territory_detail": 535}, "model": "arenas.territoryresource", "pk": 505}, {"fields": {"amount": 100, "resource": 2, "territory_detail": 536}, "model": "arenas.territoryresource", "pk": 506}, {"fields": {"amount": 100, "resource": 1, "territory_detail": 536}, "model": "arenas.territoryresource", "pk": 507}, {"fields": {"amount": 250, "resource": 3, "territory_detail": 536}, "model": "arenas.territoryresource", "pk": 508}, {"fields": {"amount": 100, "resource": 2, "territory_detail": 537}, "model": "arenas.territoryresource", "pk": 509}, {"fields": {"amount": 100, "resource": 1, "territory_detail": 537}, "model": "arenas.territoryresource", "pk": 510}, {"fields": {"amount": 250, "resource": 3, "territory_detail": 537}, "model": "arenas.territoryresource", "pk": 511}, {"fields": {"amount": 100, "resource": 2, "territory_detail": 538}, "model": "arenas.territoryresource", "pk": 512}, {"fields": {"amount": 100, "resource": 1, "territory_detail": 538}, "model": "arenas.territoryresource", "pk": 513}, {"fields": {"amount": 250, "resource": 3, "territory_detail": 538}, "model": "arenas.territoryresource", "pk": 514}, {"fields": {"amount": 100, "resource": 2, "territory_detail": 539}, "model": "arenas.territoryresource", "pk": 515}, {"fields": {"amount": 100, "resource": 1, "territory_detail": 539}, "model": "arenas.territoryresource", "pk": 516}, {"fields": {"amount": 250, "resource": 3, "territory_detail": 539}, "model": "arenas.territoryresource", "pk": 517}, {"fields": {"amount": 100, "resource": 2, "territory_detail": 540}, "model": "arenas.territoryresource", "pk": 518}, {"fields": {"amount": 100, "resource": 1, "territory_detail": 540}, "model": "arenas.territoryresource", "pk": 519}, {"fields": {"amount": 250, "resource": 3, "territory_detail": 540}, "model": "arenas.territoryresource", "pk": 520}, {"fields": {"amount": 100, "resource": 2, "territory_detail": 541}, "model": "arenas.territoryresource", "pk": 521}, {"fields": {"amount": 100, "resource": 1, "territory_detail": 541}, "model": "arenas.territoryresource", "pk": 522}, {"fields": {"amount": 250, "resource": 3, "territory_detail": 541}, "model": "arenas.territoryresource", "pk": 523}, {"fields": {"amount": 100, "resource": 2, "territory_detail": 542}, "model": "arenas.territoryresource", "pk": 524}, {"fields": {"amount": 100, "resource": 1, "territory_detail": 542}, "model": "arenas.territoryresource", "pk": 525}, {"fields": {"amount": 250, "resource": 3, "territory_detail": 542}, "model": "arenas.territoryresource", "pk": 526}, {"fields": {"amount": 100, "resource": 2, "territory_detail": 543}, "model": "arenas.territoryresource", "pk": 527}, {"fields": {"amount": 100, "resource": 1, "territory_detail": 543}, "model": "arenas.territoryresource", "pk": 528}, {"fields": {"amount": 250, "resource": 3, "territory_detail": 543}, "model": "arenas.territoryresource", "pk": 529}, {"fields": {"amount": 100, "resource": 2, "territory_detail": 544}, "model": "arenas.territoryresource", "pk": 530}, {"fields": {"amount": 100, "resource": 1, "territory_detail": 544}, "model": "arenas.territoryresource", "pk": 531}, {"fields": {"amount": 250, "resource": 3, "territory_detail": 544}, "model": "arenas.territoryresource", "pk": 532}, {"fields": {"amount": 100, "resource": 2, "territory_detail": 545}, "model": "arenas.territoryresource", "pk": 533}, {"fields": {"amount": 100, "resource": 1, "territory_detail": 545}, "model": "arenas.territoryresource", "pk": 534}, {"fields": {"amount": 250, "resource": 3, "territory_detail": 545}, "model": "arenas.territoryresource", "pk": 535}, {"fields": {"amount": 100, "resource": 2, "territory_detail": 546}, "model": "arenas.territoryresource", "pk": 536}, {"fields": {"amount": 100, "resource": 1, "territory_detail": 546}, "model": "arenas.territoryresource", "pk": 537}, {"fields": {"amount": 250, "resource": 3, "territory_detail": 546}, "model": "arenas.territoryresource", "pk": 538}, {"fields": {"amount": 100, "resource": 2, "territory_detail": 547}, "model": "arenas.territoryresource", "pk": 539}, {"fields": {"amount": 100, "resource": 1, "territory_detail": 547}, "model": "arenas.territoryresource", "pk": 540}, {"fields": {"amount": 250, "resource": 3, "territory_detail": 547}, "model": "arenas.territoryresource", "pk": 541}, {"fields": {"amount": 100, "resource": 2, "territory_detail": 548}, "model": "arenas.territoryresource", "pk": 542}, {"fields": {"amount": 100, "resource": 1, "territory_detail": 548}, "model": "arenas.territoryresource", "pk": 543}, {"fields": {"amount": 250, "resource": 3, "territory_detail": 548}, "model": "arenas.territoryresource", "pk": 544}, {"fields": {"amount": 100, "resource": 2, "territory_detail": 549}, "model": "arenas.territoryresource", "pk": 545}, {"fields": {"amount": 100, "resource": 1, "territory_detail": 549}, "model": "arenas.territoryresource", "pk": 546}, {"fields": {"amount": 250, "resource": 3, "territory_detail": 549}, "model": "arenas.territoryresource", "pk": 547}, {"fields": {"amount": 100, "resource": 2, "territory_detail": 550}, "model": "arenas.territoryresource", "pk": 548}, {"fields": {"amount": 100, "resource": 1, "territory_detail": 550}, "model": "arenas.territoryresource", "pk": 549}, {"fields": {"amount": 250, "resource": 3, "territory_detail": 550}, "model": "arenas.territoryresource", "pk": 550}, {"fields": {"amount": 100, "resource": 2, "territory_detail": 551}, "model": "arenas.territoryresource", "pk": 551}, {"fields": {"amount": 100, "resource": 1, "territory_detail": 551}, "model": "arenas.territoryresource", "pk": 552}, {"fields": {"amount": 250, "resource": 3, "territory_detail": 551}, "model": "arenas.territoryresource", "pk": 553}, {"fields": {"amount": 100, "resource": 2, "territory_detail": 552}, "model": "arenas.territoryresource", "pk": 554}, {"fields": {"amount": 100, "resource": 1, "territory_detail": 552}, "model": "arenas.territoryresource", "pk": 555}, {"fields": {"amount": 250, "resource": 3, "territory_detail": 552}, "model": "arenas.territoryresource", "pk": 556}, {"fields": {"amount": 100, "resource": 2, "territory_detail": 553}, "model": "arenas.territoryresource", "pk": 557}, {"fields": {"amount": 100, "resource": 1, "territory_detail": 553}, "model": "arenas.territoryresource", "pk": 558}, {"fields": {"amount": 250, "resource": 3, "territory_detail": 553}, "model": "arenas.territoryresource", "pk": 559}, {"fields": {"amount": 100, "resource": 2, "territory_detail": 554}, "model": "arenas.territoryresource", "pk": 560}, {"fields": {"amount": 100, "resource": 1, "territory_detail": 554}, "model": "arenas.territoryresource", "pk": 561}, {"fields": {"amount": 250, "resource": 3, "territory_detail": 554}, "model": "arenas.territoryresource", "pk": 562}, {"fields": {"amount": 100, "resource": 2, "territory_detail": 555}, "model": "arenas.territoryresource", "pk": 563}, {"fields": {"amount": 100, "resource": 1, "territory_detail": 555}, "model": "arenas.territoryresource", "pk": 564}, {"fields": {"amount": 250, "resource": 3, "territory_detail": 555}, "model": "arenas.territoryresource", "pk": 565}, {"fields": {"amount": 100, "resource": 2, "territory_detail": 556}, "model": "arenas.territoryresource", "pk": 566}, {"fields": {"amount": 100, "resource": 1, "territory_detail": 556}, "model": "arenas.territoryresource", "pk": 567}, {"fields": {"amount": 250, "resource": 3, "territory_detail": 556}, "model": "arenas.territoryresource", "pk": 568}, {"fields": {"amount": 100, "resource": 2, "territory_detail": 557}, "model": "arenas.territoryresource", "pk": 569}, {"fields": {"amount": 100, "resource": 1, "territory_detail": 557}, "model": "arenas.territoryresource", "pk": 570}, {"fields": {"amount": 250, "resource": 3, "territory_detail": 557}, "model": "arenas.territoryresource", "pk": 571}, {"fields": {"amount": 100, "resource": 2, "territory_detail": 558}, "model": "arenas.territoryresource", "pk": 572}, {"fields": {"amount": 100, "resource": 1, "territory_detail": 558}, "model": "arenas.territoryresource", "pk": 573}, {"fields": {"amount": 250, "resource": 3, "territory_detail": 558}, "model": "arenas.territoryresource", "pk": 574}, {"fields": {"amount": 100, "resource": 2, "territory_detail": 559}, "model": "arenas.territoryresource", "pk": 575}, {"fields": {"amount": 100, "resource": 1, "territory_detail": 559}, "model": "arenas.territoryresource", "pk": 576}, {"fields": {"amount": 250, "resource": 3, "territory_detail": 559}, "model": "arenas.territoryresource", "pk": 577}, {"fields": {"amount": 100, "resource": 2, "territory_detail": 560}, "model": "arenas.territoryresource", "pk": 578}, {"fields": {"amount": 100, "resource": 1, "territory_detail": 560}, "model": "arenas.territoryresource", "pk": 579}, {"fields": {"amount": 250, "resource": 3, "territory_detail": 560}, "model": "arenas.territoryresource", "pk": 580}, {"fields": {"amount": 100, "resource": 2, "territory_detail": 561}, "model": "arenas.territoryresource", "pk": 581}, {"fields": {"amount": 100, "resource": 1, "territory_detail": 561}, "model": "arenas.territoryresource", "pk": 582}, {"fields": {"amount": 250, "resource": 3, "territory_detail": 561}, "model": "arenas.territoryresource", "pk": 583}, {"fields": {"amount": 100, "resource": 2, "territory_detail": 562}, "model": "arenas.territoryresource", "pk": 584}, {"fields": {"amount": 100, "resource": 1, "territory_detail": 562}, "model": "arenas.territoryresource", "pk": 585}, {"fields": {"amount": 250, "resource": 3, "territory_detail": 562}, "model": "arenas.territoryresource", "pk": 586}, {"fields": {"amount": 100, "resource": 2, "territory_detail": 563}, "model": "arenas.territoryresource", "pk": 587}, {"fields": {"amount": 100, "resource": 1, "territory_detail": 563}, "model": "arenas.territoryresource", "pk": 588}, {"fields": {"amount": 250, "resource": 3, "territory_detail": 563}, "model": "arenas.territoryresource", "pk": 589}, {"fields": {"amount": 100, "resource": 2, "territory_detail": 564}, "model": "arenas.territoryresource", "pk": 590}, {"fields": {"amount": 100, "resource": 1, "territory_detail": 564}, "model": "arenas.territoryresource", "pk": 591}, {"fields": {"amount": 250, "resource": 3, "territory_detail": 564}, "model": "arenas.territoryresource", "pk": 592}, {"fields": {"amount": 100, "resource": 2, "territory_detail": 565}, "model": "arenas.territoryresource", "pk": 593}, {"fields": {"amount": 100, "resource": 1, "territory_detail": 565}, "model": "arenas.territoryresource", "pk": 594}, {"fields": {"amount": 250, "resource": 3, "territory_detail": 565}, "model": "arenas.territoryresource", "pk": 595}, {"fields": {"amount": 100, "resource": 2, "territory_detail": 566}, "model": "arenas.territoryresource", "pk": 596}, {"fields": {"amount": 100, "resource": 1, "territory_detail": 566}, "model": "arenas.territoryresource", "pk": 597}, {"fields": {"amount": 250, "resource": 3, "territory_detail": 566}, "model": "arenas.territoryresource", "pk": 598}, {"fields": {"amount": 100, "resource": 2, "territory_detail": 567}, "model": "arenas.territoryresource", "pk": 599}, {"fields": {"amount": 100, "resource": 1, "territory_detail": 567}, "model": "arenas.territoryresource", "pk": 600}, {"fields": {"amount": 250, "resource": 3, "territory_detail": 567}, "model": "arenas.territoryresource", "pk": 601}, {"fields": {"amount": 100, "resource": 2, "territory_detail": 568}, "model": "arenas.territoryresource", "pk": 602}, {"fields": {"amount": 100, "resource": 1, "territory_detail": 568}, "model": "arenas.territoryresource", "pk": 603}, {"fields": {"amount": 250, "resource": 3, "territory_detail": 568}, "model": "arenas.territoryresource", "pk": 604}, {"fields": {"amount": 100, "resource": 2, "territory_detail": 569}, "model": "arenas.territoryresource", "pk": 605}, {"fields": {"amount": 100, "resource": 1, "territory_detail": 569}, "model": "arenas.territoryresource", "pk": 606}, {"fields": {"amount": 250, "resource": 3, "territory_detail": 569}, "model": "arenas.territoryresource", "pk": 607}, {"fields": {"amount": 100, "resource": 2, "territory_detail": 570}, "model": "arenas.territoryresource", "pk": 608}, {"fields": {"amount": 100, "resource": 1, "territory_detail": 570}, "model": "arenas.territoryresource", "pk": 609}, {"fields": {"amount": 250, "resource": 3, "territory_detail": 570}, "model": "arenas.territoryresource", "pk": 610}, {"fields": {"amount": 100, "resource": 2, "territory_detail": 571}, "model": "arenas.territoryresource", "pk": 611}, {"fields": {"amount": 100, "resource": 1, "territory_detail": 571}, "model": "arenas.territoryresource", "pk": 612}, {"fields": {"amount": 250, "resource": 3, "territory_detail": 571}, "model": "arenas.territoryresource", "pk": 613}, {"fields": {"amount": 100, "resource": 2, "territory_detail": 572}, "model": "arenas.territoryresource", "pk": 614}, {"fields": {"amount": 100, "resource": 1, "territory_detail": 572}, "model": "arenas.territoryresource", "pk": 615}, {"fields": {"amount": 250, "resource": 3, "territory_detail": 572}, "model": "arenas.territoryresource", "pk": 616}, {"fields": {"amount": 100, "resource": 2, "territory_detail": 573}, "model": "arenas.territoryresource", "pk": 617}, {"fields": {"amount": 100, "resource": 1, "territory_detail": 573}, "model": "arenas.territoryresource", "pk": 618}, {"fields": {"amount": 250, "resource": 3, "territory_detail": 573}, "model": "arenas.territoryresource", "pk": 619}, {"fields": {"amount": 100, "resource": 2, "territory_detail": 574}, "model": "arenas.territoryresource", "pk": 620}, {"fields": {"amount": 100, "resource": 1, "territory_detail": 574}, "model": "arenas.territoryresource", "pk": 621}, {"fields": {"amount": 250, "resource": 3, "territory_detail": 574}, "model": "arenas.territoryresource", "pk": 622}, {"fields": {"amount": 100, "resource": 2, "territory_detail": 575}, "model": "arenas.territoryresource", "pk": 623}, {"fields": {"amount": 100, "resource": 1, "territory_detail": 575}, "model": "arenas.territoryresource", "pk": 624}, {"fields": {"amount": 250, "resource": 3, "territory_detail": 575}, "model": "arenas.territoryresource", "pk": 625}, {"fields": {"amount": 100, "resource": 2, "territory_detail": 576}, "model": "arenas.territoryresource", "pk": 626}, {"fields": {"amount": 100, "resource": 1, "territory_detail": 576}, "model": "arenas.territoryresource", "pk": 627}, {"fields": {"amount": 250, "resource": 3, "territory_detail": 576}, "model": "arenas.territoryresource", "pk": 628}, {"fields": {"amount": 100, "resource": 2, "territory_detail": 577}, "model": "arenas.territoryresource", "pk": 629}, {"fields": {"amount": 100, "resource": 1, "territory_detail": 577}, "model": "arenas.territoryresource", "pk": 630}, {"fields": {"amount": 250, "resource": 3, "territory_detail": 577}, "model": "arenas.territoryresource", "pk": 631}, {"fields": {"amount": 100, "resource": 2, "territory_detail": 578}, "model": "arenas.territoryresource", "pk": 632}, {"fields": {"amount": 100, "resource": 1, "territory_detail": 578}, "model": "arenas.territoryresource", "pk": 633}, {"fields": {"amount": 250, "resource": 3, "territory_detail": 578}, "model": "arenas.territoryresource", "pk": 634}, {"fields": {"amount": 100, "resource": 2, "territory_detail": 579}, "model": "arenas.territoryresource", "pk": 635}, {"fields": {"amount": 100, "resource": 1, "territory_detail": 579}, "model": "arenas.territoryresource", "pk": 636}, {"fields": {"amount": 250, "resource": 3, "territory_detail": 579}, "model": "arenas.territoryresource", "pk": 637}, {"fields": {"amount": 100, "resource": 2, "territory_detail": 580}, "model": "arenas.territoryresource", "pk": 638}, {"fields": {"amount": 100, "resource": 1, "territory_detail": 580}, "model": "arenas.territoryresource", "pk": 639}, {"fields": {"amount": 250, "resource": 3, "territory_detail": 580}, "model": "arenas.territoryresource", "pk": 640}, {"fields": {"amount": 100, "resource": 2, "territory_detail": 581}, "model": "arenas.territoryresource", "pk": 641}, {"fields": {"amount": 100, "resource": 1, "territory_detail": 581}, "model": "arenas.territoryresource", "pk": 642}, {"fields": {"amount": 250, "resource": 3, "territory_detail": 581}, "model": "arenas.territoryresource", "pk": 643}, {"fields": {"amount": 100, "resource": 2, "territory_detail": 582}, "model": "arenas.territoryresource", "pk": 644}, {"fields": {"amount": 100, "resource": 1, "territory_detail": 582}, "model": "arenas.territoryresource", "pk": 645}, {"fields": {"amount": 250, "resource": 3, "territory_detail": 582}, "model": "arenas.territoryresource", "pk": 646}, {"fields": {"amount": 100, "resource": 2, "territory_detail": 583}, "model": "arenas.territoryresource", "pk": 647}, {"fields": {"amount": 100, "resource": 1, "territory_detail": 583}, "model": "arenas.territoryresource", "pk": 648}, {"fields": {"amount": 250, "resource": 3, "territory_detail": 583}, "model": "arenas.territoryresource", "pk": 649}, {"fields": {"amount": 100, "resource": 2, "territory_detail": 584}, "model": "arenas.territoryresource", "pk": 650}, {"fields": {"amount": 100, "resource": 1, "territory_detail": 584}, "model": "arenas.territoryresource", "pk": 651}, {"fields": {"amount": 250, "resource": 3, "territory_detail": 584}, "model": "arenas.territoryresource", "pk": 652}, {"fields": {"amount": 100, "resource": 2, "territory_detail": 585}, "model": "arenas.territoryresource", "pk": 653}, {"fields": {"amount": 100, "resource": 1, "territory_detail": 585}, "model": "arenas.territoryresource", "pk": 654}, {"fields": {"amount": 250, "resource": 3, "territory_detail": 585}, "model": "arenas.territoryresource", "pk": 655}, {"fields": {"amount": 100, "resource": 2, "territory_detail": 586}, "model": "arenas.territoryresource", "pk": 656}, {"fields": {"amount": 100, "resource": 1, "territory_detail": 586}, "model": "arenas.territoryresource", "pk": 657}, {"fields": {"amount": 250, "resource": 3, "territory_detail": 586}, "model": "arenas.territoryresource", "pk": 658}, {"fields": {"amount": 100, "resource": 2, "territory_detail": 587}, "model": "arenas.territoryresource", "pk": 659}, {"fields": {"amount": 100, "resource": 1, "territory_detail": 587}, "model": "arenas.territoryresource", "pk": 660}, {"fields": {"amount": 250, "resource": 3, "territory_detail": 587}, "model": "arenas.territoryresource", "pk": 661}, {"fields": {"amount": 100, "resource": 2, "territory_detail": 588}, "model": "arenas.territoryresource", "pk": 662}, {"fields": {"amount": 100, "resource": 1, "territory_detail": 588}, "model": "arenas.territoryresource", "pk": 663}, {"fields": {"amount": 250, "resource": 3, "territory_detail": 588}, "model": "arenas.territoryresource", "pk": 664}, {"fields": {"amount": 100, "resource": 2, "territory_detail": 589}, "model": "arenas.territoryresource", "pk": 665}, {"fields": {"amount": 100, "resource": 1, "territory_detail": 589}, "model": "arenas.territoryresource", "pk": 666}, {"fields": {"amount": 250, "resource": 3, "territory_detail": 589}, "model": "arenas.territoryresource", "pk": 667}, {"fields": {"amount": 100, "resource": 2, "territory_detail": 590}, "model": "arenas.territoryresource", "pk": 668}, {"fields": {"amount": 100, "resource": 1, "territory_detail": 590}, "model": "arenas.territoryresource", "pk": 669}, {"fields": {"amount": 250, "resource": 3, "territory_detail": 590}, "model": "arenas.territoryresource", "pk": 670}, {"fields": {"amount": 100, "resource": 2, "territory_detail": 591}, "model": "arenas.territoryresource", "pk": 671}, {"fields": {"amount": 100, "resource": 1, "territory_detail": 591}, "model": "arenas.territoryresource", "pk": 672}, {"fields": {"amount": 250, "resource": 3, "territory_detail": 591}, "model": "arenas.territoryresource", "pk": 673}, {"fields": {"amount": 100, "resource": 2, "territory_detail": 592}, "model": "arenas.territoryresource", "pk": 674}, {"fields": {"amount": 100, "resource": 1, "territory_detail": 592}, "model": "arenas.territoryresource", "pk": 675}, {"fields": {"amount": 250, "resource": 3, "territory_detail": 592}, "model": "arenas.territoryresource", "pk": 676}, {"fields": {"amount": 100, "resource": 2, "territory_detail": 593}, "model": "arenas.territoryresource", "pk": 677}, {"fields": {"amount": 100, "resource": 1, "territory_detail": 593}, "model": "arenas.territoryresource", "pk": 678}, {"fields": {"amount": 250, "resource": 3, "territory_detail": 593}, "model": "arenas.territoryresource", "pk": 679}, {"fields": {"amount": 100, "resource": 2, "territory_detail": 594}, "model": "arenas.territoryresource", "pk": 680}, {"fields": {"amount": 100, "resource": 1, "territory_detail": 594}, "model": "arenas.territoryresource", "pk": 681}, {"fields": {"amount": 250, "resource": 3, "territory_detail": 594}, "model": "arenas.territoryresource", "pk": 682}, {"fields": {"amount": 100, "resource": 2, "territory_detail": 595}, "model": "arenas.territoryresource", "pk": 683}, {"fields": {"amount": 100, "resource": 1, "territory_detail": 595}, "model": "arenas.territoryresource", "pk": 684}, {"fields": {"amount": 250, "resource": 3, "territory_detail": 595}, "model": "arenas.territoryresource", "pk": 685}, {"fields": {"amount": 100, "resource": 2, "territory_detail": 596}, "model": "arenas.territoryresource", "pk": 686}, {"fields": {"amount": 100, "resource": 1, "territory_detail": 596}, "model": "arenas.territoryresource", "pk": 687}, {"fields": {"amount": 250, "resource": 3, "territory_detail": 596}, "model": "arenas.territoryresource", "pk": 688}, {"fields": {"amount": 100, "resource": 2, "territory_detail": 597}, "model": "arenas.territoryresource", "pk": 689}, {"fields": {"amount": 100, "resource": 1, "territory_detail": 597}, "model": "arenas.territoryresource", "pk": 690}, {"fields": {"amount": 250, "resource": 3, "territory_detail": 597}, "model": "arenas.territoryresource", "pk": 691}, {"fields": {"amount": 100, "resource": 2, "territory_detail": 598}, "model": "arenas.territoryresource", "pk": 692}, {"fields": {"amount": 100, "resource": 1, "territory_detail": 598}, "model": "arenas.territoryresource", "pk": 693}, {"fields": {"amount": 250, "resource": 3, "territory_detail": 598}, "model": "arenas.territoryresource", "pk": 694}, {"fields": {"amount": 100, "resource": 2, "territory_detail": 599}, "model": "arenas.territoryresource", "pk": 695}, {"fields": {"amount": 100, "resource": 1, "territory_detail": 599}, "model": "arenas.territoryresource", "pk": 696}, {"fields": {"amount": 250, "resource": 3, "territory_detail": 599}, "model": "arenas.territoryresource", "pk": 697}, {"fields": {"amount": 100, "resource": 2, "territory_detail": 600}, "model": "arenas.territoryresource", "pk": 698}, {"fields": {"amount": 100, "resource": 1, "territory_detail": 600}, "model": "arenas.territoryresource", "pk": 699}, {"fields": {"amount": 250, "resource": 3, "territory_detail": 600}, "model": "arenas.territoryresource", "pk": 700}, {"fields": {"amount": 500, "resource": 3, "territory_detail": 501}, "model": "arenas.territorycosts", "pk": 301}, {"fields": {"amount": 500, "resource": 3, "territory_detail": 502}, "model": "arenas.territorycosts", "pk": 302}, {"fields": {"amount": 500, "resource": 3, "territory_detail": 503}, "model": "arenas.territorycosts", "pk": 303}, {"fields": {"amount": 500, "resource": 3, "territory_detail": 504}, "model": "arenas.territorycosts", "pk": 304}, {"fields": {"amount": 500, "resource": 3, "territory_detail": 505}, "model": "arenas.territorycosts", "pk": 305}, {"fields": {"amount": 500, "resource": 3, "territory_detail": 506}, "model": "arenas.territorycosts", "pk": 306}, {"fields": {"amount": 500, "resource": 3, "territory_detail": 507}, "model": "arenas.territorycosts", "pk": 307}, {"fields": {"amount": 500, "resource": 3, "territory_detail": 508}, "model": "arenas.territorycosts", "pk": 308}, {"fields": {"amount": 500, "resource": 3, "territory_detail": 509}, "model": "arenas.territorycosts", "pk": 309}, {"fields": {"amount": 500, "resource": 3, "territory_detail": 510}, "model": "arenas.territorycosts", "pk": 310}, {"fields": {"amount": 500, "resource": 3, "territory_detail": 511}, "model": "arenas.territorycosts", "pk": 311}, {"fields": {"amount": 500, "resource": 3, "territory_detail": 512}, "model": "arenas.territorycosts", "pk": 312}, {"fields": {"amount": 500, "resource": 3, "territory_detail": 513}, "model": "arenas.territorycosts", "pk": 313}, {"fields": {"amount": 500, "resource": 3, "territory_detail": 514}, "model": "arenas.territorycosts", "pk": 314}, {"fields": {"amount": 500, "resource": 3, "territory_detail": 515}, "model": "arenas.territorycosts", "pk": 315}, {"fields": {"amount": 500, "resource": 3, "territory_detail": 516}, "model": "arenas.territorycosts", "pk": 316}, {"fields": {"amount": 500, "resource": 3, "territory_detail": 517}, "model": "arenas.territorycosts", "pk": 317}, {"fields": {"amount": 500, "resource": 3, "territory_detail": 518}, "model": "arenas.territorycosts", "pk": 318}, {"fields": {"amount": 500, "resource": 3, "territory_detail": 519}, "model": "arenas.territorycosts", "pk": 319}, {"fields": {"amount": 500, "resource": 3, "territory_detail": 520}, "model": "arenas.territorycosts", "pk": 320}, {"fields": {"amount": 500, "resource": 3, "territory_detail": 521}, "model": "arenas.territorycosts", "pk": 321}, {"fields": {"amount": 500, "resource": 3, "territory_detail": 522}, "model": "arenas.territorycosts", "pk": 322}, {"fields": {"amount": 500, "resource": 3, "territory_detail": 523}, "model": "arenas.territorycosts", "pk": 323}, {"fields": {"amount": 500, "resource": 3, "territory_detail": 524}, "model": "arenas.territorycosts", "pk": 324}, {"fields": {"amount": 500, "resource": 3, "territory_detail": 525}, "model": "arenas.territorycosts", "pk": 325}, {"fields": {"amount": 500, "resource": 3, "territory_detail": 526}, "model": "arenas.territorycosts", "pk": 326}, {"fields": {"amount": 500, "resource": 3, "territory_detail": 527}, "model": "arenas.territorycosts", "pk": 327}, {"fields": {"amount": 500, "resource": 3, "territory_detail": 528}, "model": "arenas.territorycosts", "pk": 328}, {"fields": {"amount": 500, "resource": 3, "territory_detail": 529}, "model": "arenas.territorycosts", "pk": 329}, {"fields": {"amount": 500, "resource": 3, "territory_detail": 530}, "model": "arenas.territorycosts", "pk": 330}, {"fields": {"amount": 500, "resource": 3, "territory_detail": 531}, "model": "arenas.territorycosts", "pk": 331}, {"fields": {"amount": 500, "resource": 3, "territory_detail": 532}, "model": "arenas.territorycosts", "pk": 332}, {"fields": {"amount": 500, "resource": 3, "territory_detail": 533}, "model": "arenas.territorycosts", "pk": 333}, {"fields": {"amount": 500, "resource": 3, "territory_detail": 534}, "model": "arenas.territorycosts", "pk": 334}, {"fields": {"amount": 500, "resource": 3, "territory_detail": 535}, "model": "arenas.territorycosts", "pk": 335}, {"fields": {"amount": 500, "resource": 3, "territory_detail": 536}, "model": "arenas.territorycosts", "pk": 336}, {"fields": {"amount": 500, "resource": 3, "territory_detail": 537}, "model": "arenas.territorycosts", "pk": 337}, {"fields": {"amount": 500, "resource": 3, "territory_detail": 538}, "model": "arenas.territorycosts", "pk": 338}, {"fields": {"amount": 500, "resource": 3, "territory_detail": 539}, "model": "arenas.territorycosts", "pk": 339}, {"fields": {"amount": 500, "resource": 3, "territory_detail": 540}, "model": "arenas.territorycosts", "pk": 340}, {"fields": {"amount": 500, "resource": 3, "territory_detail": 541}, "model": "arenas.territorycosts", "pk": 341}, {"fields": {"amount": 500, "resource": 3, "territory_detail": 542}, "model": "arenas.territorycosts", "pk": 342}, {"fields": {"amount": 500, "resource": 3, "territory_detail": 543}, "model": "arenas.territorycosts", "pk": 343}, {"fields": {"amount": 500, "resource": 3, "territory_detail": 544}, "model": "arenas.territorycosts", "pk": 344}, {"fields": {"amount": 500, "resource": 3, "territory_detail": 545}, "model": "arenas.territorycosts", "pk": 345}, {"fields": {"amount": 500, "resource": 3, "territory_detail": 546}, "model": "arenas.territorycosts", "pk": 346}, {"fields": {"amount": 500, "resource": 3, "territory_detail": 547}, "model": "arenas.territorycosts", "pk": 347}, {"fields": {"amount": 500, "resource": 3, "territory_detail": 548}, "model": "arenas.territorycosts", "pk": 348}, {"fields": {"amount": 500, "resource": 3, "territory_detail": 549}, "model": "arenas.territorycosts", "pk": 349}, {"fields": {"amount": 500, "resource": 3, "territory_detail": 550}, "model": "arenas.territorycosts", "pk": 350}, {"fields": {"amount": 500, "resource": 3, "territory_detail": 551}, "model": "arenas.territorycosts", "pk": 351}, {"fields": {"amount": 500, "resource": 3, "territory_detail": 552}, "model": "arenas.territorycosts", "pk": 352}, {"fields": {"amount": 500, "resource": 3, "territory_detail": 553}, "model": "arenas.territorycosts", "pk": 353}, {"fields": {"amount": 500, "resource": 3, "territory_detail": 554}, "model": "arenas.territorycosts", "pk": 354}, {"fields": {"amount": 500, "resource": 3, "territory_detail": 555}, "model": "arenas.territorycosts", "pk": 355}, {"fields": {"amount": 500, "resource": 3, "territory_detail": 556}, "model": "arenas.territorycosts", "pk": 356}, {"fields": {"amount": 500, "resource": 3, "territory_detail": 557}, "model": "arenas.territorycosts", "pk": 357}, {"fields": {"amount": 500, "resource": 3, "territory_detail": 558}, "model": "arenas.territorycosts", "pk": 358}, {"fields": {"amount": 500, "resource": 3, "territory_detail": 559}, "model": "arenas.territorycosts", "pk": 359}, {"fields": {"amount": 500, "resource": 3, "territory_detail": 560}, "model": "arenas.territorycosts", "pk": 360}, {"fields": {"amount": 500, "resource": 3, "territory_detail": 561}, "model": "arenas.territorycosts", "pk": 361}, {"fields": {"amount": 500, "resource": 3, "territory_detail": 562}, "model": "arenas.territorycosts", "pk": 362}, {"fields": {"amount": 500, "resource": 3, "territory_detail": 563}, "model": "arenas.territorycosts", "pk": 363}, {"fields": {"amount": 500, "resource": 3, "territory_detail": 564}, "model": "arenas.territorycosts", "pk": 364}, {"fields": {"amount": 500, "resource": 3, "territory_detail": 565}, "model": "arenas.territorycosts", "pk": 365}, {"fields": {"amount": 500, "resource": 3, "territory_detail": 566}, "model": "arenas.territorycosts", "pk": 366}, {"fields": {"amount": 500, "resource": 3, "territory_detail": 567}, "model": "arenas.territorycosts", "pk": 367}, {"fields": {"amount": 500, "resource": 3, "territory_detail": 568}, "model": "arenas.territorycosts", "pk": 368}, {"fields": {"amount": 500, "resource": 3, "territory_detail": 569}, "model": "arenas.territorycosts", "pk": 369}, {"fields": {"amount": 500, "resource": 3, "territory_detail": 570}, "model": "arenas.territorycosts", "pk": 370}, {"fields": {"amount": 500, "resource": 3, "territory_detail": 571}, "model": "arenas.territorycosts", "pk": 371}, {"fields": {"amount": 500, "resource": 3, "territory_detail": 572}, "model": "arenas.territorycosts", "pk": 372}, {"fields": {"amount": 500, "resource": 3, "territory_detail": 573}, "model": "arenas.territorycosts", "pk": 373}, {"fields": {"amount": 500, "resource": 3, "territory_detail": 574}, "model": "arenas.territorycosts", "pk": 374}, {"fields": {"amount": 500, "resource": 3, "territory_detail": 575}, "model": "arenas.territorycosts", "pk": 375}, {"fields": {"amount": 500, "resource": 3, "territory_detail": 576}, "model": "arenas.territorycosts", "pk": 376}, {"fields": {"amount": 500, "resource": 3, "territory_detail": 577}, "model": "arenas.territorycosts", "pk": 377}, {"fields": {"amount": 500, "resource": 3, "territory_detail": 578}, "model": "arenas.territorycosts", "pk": 378}, {"fields": {"amount": 500, "resource": 3, "territory_detail": 579}, "model": "arenas.territorycosts", "pk": 379}, {"fields": {"amount": 500, "resource": 3, "territory_detail": 580}, "model": "arenas.territorycosts", "pk": 380}, {"fields": {"amount": 500, "resource": 3, "territory_detail": 581}, "model": "arenas.territorycosts", "pk": 381}, {"fields": {"amount": 500, "resource": 3, "territory_detail": 582}, "model": "arenas.territorycosts", "pk": 382}, {"fields": {"amount": 500, "resource": 3, "territory_detail": 583}, "model": "arenas.territorycosts", "pk": 383}, {"fields": {"amount": 500, "resource": 3, "territory_detail": 584}, "model": "arenas.territorycosts", "pk": 384}, {"fields": {"amount": 500, "resource": 3, "territory_detail": 585}, "model": "arenas.territorycosts", "pk": 385}, {"fields": {"amount": 500, "resource": 3, "territory_detail": 586}, "model": "arenas.territorycosts", "pk": 386}, {"fields": {"amount": 500, "resource": 3, "territory_detail": 587}, "model": "arenas.territorycosts", "pk": 387}, {"fields": {"amount": 500, "resource": 3, "territory_detail": 588}, "model": "arenas.territorycosts", "pk": 388}, {"fields": {"amount": 500, "resource": 3, "territory_detail": 589}, "model": "arenas.territorycosts", "pk": 389}, {"fields": {"amount": 500, "resource": 3, "territory_detail": 590}, "model": "arenas.territorycosts", "pk": 390}, {"fields": {"amount": 500, "resource": 3, "territory_detail": 591}, "model": "arenas.territorycosts", "pk": 391}, {"fields": {"amount": 500, "resource": 3, "territory_detail": 592}, "model": "arenas.territorycosts", "pk": 392}, {"fields": {"amount": 500, "resource": 3, "territory_detail": 593}, "model": "arenas.territorycosts", "pk": 393}, {"fields": {"amount": 500, "resource": 3, "territory_detail": 594}, "model": "arenas.territorycosts", "pk": 394}, {"fields": {"amount": 500, "resource": 3, "territory_detail": 595}, "model": "arenas.territorycosts", "pk": 395}, {"fields": {"amount": 500, "resource": 3, "territory_detail": 596}, "model": "arenas.territorycosts", "pk": 396}, {"fields": {"amount": 500, "resource": 3, "territory_detail": 597}, "model": "arenas.territorycosts", "pk": 397}, {"fields": {"amount": 500, "resource": 3, "territory_detail": 598}, "model": "arenas.territorycosts", "pk": 398}, {"fields": {"amount": 500, "resource": 3, "territory_detail": 599}, "model": "arenas.territorycosts", "pk": 399}, {"fields": {"amount": 500, "resource": 3, "territory_detail": 600}, "model": "arenas.territorycosts", "pk": 400}, {"fields": {"name": "Plains"}, "model": "arenas.terrain", "pk": 1}, {"fields": {"name": "Mountains"}, "model": "arenas.terrain", "pk": 2}, {"fields": {"name": "Forest"}, "model": "arenas.terrain", "pk": 3}]